step,time,obst_px,obst_py,obst_pz,obst_vx,obst_vy,obst_vz,obst_radius,qpos_0,qpos_1,qpos_2,qpos_3,qpos_4,qpos_5,qpos_6,qpos_7,qpos_8,qpos_9,qpos_10,qpos_11,qpos_12,qpos_13,qpos_14,qpos_15,qpos_16,qpos_17,qpos_18,qpos_19,qpos_20,qpos_21,qpos_22,qpos_23,qpos_24,qpos_25,qpos_26,qpos_27,qpos_28,qpos_29,qpos_30,qpos_31,qpos_32,qpos_33,qvel_0,qvel_1,qvel_2,qvel_3,qvel_4,qvel_5,qvel_6,qvel_7,qvel_8,qvel_9,qvel_10,qvel_11,qvel_12,qvel_13,qvel_14,qvel_15,qvel_16,qvel_17,qvel_18,qvel_19,qvel_20,qvel_21,qvel_22,qvel_23,qvel_24,qvel_25,qvel_26,qvel_27,qvel_28,qvel_29,qvel_30,qvel_31,qvel_32,cap_site_0_head_sensor_0,cap_site_1_head_sensor_1,cap_site_2_head_sensor_2,cap_site_3_head_sensor_3,cap_site_4_head_sensor_4,cap_site_5_head_sensor_5,cap_site_6_torso_sensor_0,cap_site_7_torso_sensor_1,cap_site_8_torso_sensor_2,cap_site_9_torso_sensor_3,cap_site_10_torso_sensor_4,cap_site_11_torso_sensor_5,cap_site_12_torso_sensor_6,cap_site_13_torso_sensor_7,cap_site_14_torso_sensor_8,cap_site_15_torso_sensor_9,cap_site_16_torso_sensor_10,cap_site_17_left_shoulder_roll_sensor_0,cap_site_18_left_shoulder_roll_sensor_1,cap_site_19_left_shoulder_roll_sensor_2,cap_site_20_left_shoulder_roll_sensor_3,cap_site_21_left_shoulder_roll_sensor_4,cap_site_22_left_shoulder_roll_sensor_5,cap_site_23_left_shoulder_roll_sensor_6,cap_site_24_left_shoulder_roll_sensor_7,cap_site_25_left_shoulder_yaw_sensor_0,cap_site_26_left_shoulder_yaw_sensor_1,cap_site_27_left_shoulder_yaw_sensor_2,cap_site_28_left_shoulder_yaw_sensor_3,cap_site_29_left_shoulder_yaw_sensor_4,cap_site_30_left_shoulder_yaw_sensor_5,cap_site_31_left_elbow_sensor_0,cap_site_32_left_elbow_sensor_1,cap_site_33_left_elbow_sensor_2,cap_site_34_left_elbow_sensor_3,cap_site_35_left_elbow_sensor_4,cap_site_36_left_elbow_sensor_5,cap_site_37_left_elbow_sensor_6,cap_site_38_left_elbow_sensor_7,cap_site_39_left_elbow_sensor_8,cap_site_41_right_shoulder_roll_sensor_0,cap_site_42_right_shoulder_roll_sensor_1,cap_site_43_right_shoulder_roll_sensor_2,cap_site_44_right_shoulder_roll_sensor_3,cap_site_45_right_shoulder_roll_sensor_4,cap_site_46_right_shoulder_roll_sensor_5,cap_site_47_right_shoulder_roll_sensor_6,cap_site_48_right_shoulder_roll_sensor_7,cap_site_49_right_shoulder_yaw_sensor_0,cap_site_50_right_shoulder_yaw_sensor_1,cap_site_51_right_shoulder_yaw_sensor_2,cap_site_52_right_shoulder_yaw_sensor_3,cap_site_53_right_shoulder_yaw_sensor_4,cap_site_54_right_shoulder_yaw_sensor_5,cap_site_55_right_elbow_sensor_0,cap_site_56_right_elbow_sensor_1,cap_site_57_right_elbow_sensor_2,cap_site_58_right_elbow_sensor_3,cap_site_59_right_elbow_sensor_4,cap_site_60_right_elbow_sensor_5,cap_site_61_right_elbow_sensor_6,cap_site_62_right_elbow_sensor_7,cap_site_63_right_elbow_sensor_8,cmd_vx,cmd_vy,cmd_vz
1,0.002,-0.11891433183607814,0.023115104396931097,1.2338399727557827,5.68523043412613,2.6118526105262383,-1.0270672375627727,0.044672178752129504,0.19,0.0,1.028,1.0,0.0,0.0,-0.0001,0.0004,0.0002,-0.0001,-0.0004,0.0001,0.0,0.0004,0.0,-0.0001,0.0001,0.0,0.0001,0.0001,0.0001,0.0001,-0.0001,0.0,0.0,0.0,-0.0001,0.0,-0.0001,0.0,0.0001,0.0,0.0,0.0,0.0027,0.0088,-0.0025,0.0339,-0.0047,-0.1381,0.2075,0.1146,-0.0496,-0.1916,0.0586,0.0109,0.1875,-0.0233,-0.059,0.0415,-0.0033,0.0483,0.0671,0.0633,0.0384,-0.0286,-0.0168,-0.0022,0.0183,-0.0334,-0.0181,-0.0635,-0.0191,0.0735,0.0009,0.0,-0.0007,-1.0,-1.0,-1.0,-1.0,-1.0,-1.0,-1.0,-1.0,-1.0,-1.0,-1.0,-1.0,-1.0,-1.0,-1.0,-1.0,-1.0,-1.0,-1.0,-1.0,-1.0,-1.0,-1.0,-1.0,-1.0,-1.0,-1.0,-1.0,-1.0,-1.0,-1.0,-1.0,-1.0,-1.0,-1.0,-1.0,-1.0,-1.0,-1.0,-1.0,-1.0,-1.0,-1.0,-1.0,-1.0,-1.0,-1.0,-1.0,-1.0,-1.0,-1.0,-1.0,-1.0,-1.0,-1.0,-1.0,-1.0,-1.0,-1.0,-1.0,-1.0,-1.0,-1.0,5.68523043412613,2.6118526105262383,-1.0270672375627727
2,0.004,-0.10754387096782587,0.028338809617983574,1.2317662182806572,5.68523043412613,2.6118526105262383,-1.0466872375627727,0.044672178752129504,0.19,0.0001,1.028,1.0,0.0001,0.0,-0.0001,0.0017,-0.0006,-0.0003,0.0006,0.0004,0.0002,0.0008,0.0008,-0.0004,-0.0013,0.0002,0.0009,0.0,0.0003,0.0001,-0.0002,-0.0005,-0.0003,0.0001,-0.0009,0.0001,-0.0003,-0.0004,-0.0002,0.0,-0.0002,0.0,0.0062,0.0165,-0.008,0.0667,-0.0033,0.0849,0.6361,-0.3963,-0.0767,0.4991,0.1378,0.092,0.2094,0.4126,-0.1358,-0.6901,0.1076,0.3825,-0.0751,0.0724,0.0118,-0.0503,-0.2109,-0.1365,0.0459,-0.3952,0.0508,-0.0836,-0.1693,-0.1636,-0.0158,-0.1181,0.0088,-1.0,-1.0,-1.0,-1.0,-1.0,-1.0,-1.0,-1.0,-1.0,-1.0,-1.0,-1.0,-1.0,-1.0,-1.0,-1.0,-1.0,-1.0,-1.0,-1.0,-1.0,-1.0,-1.0,-1.0,-1.0,-1.0,-1.0,-1.0,-1.0,-1.0,-1.0,-1.0,-1.0,-1.0,-1.0,-1.0,-1.0,-1.0,-1.0,-1.0,-1.0,-1.0,-1.0,-1.0,-1.0,-1.0,-1.0,-1.0,-1.0,-1.0,-1.0,-1.0,-1.0,-1.0,-1.0,-1.0,-1.0,-1.0,-1.0,-1.0,-1.0,-1.0,-1.0,5.68523043412613,2.6118526105262383,-1.0270672375627727
3,0.006,-0.09617341009957361,0.03356251483903605,1.2296532238055315,5.68523043412613,2.6118526105262383,-1.0663072375627727,0.044672178752129504,0.19,0.0001,1.028,1.0,0.0002,0.0,0.0002,0.003,-0.0021,-0.0006,0.0029,0.0,0.0004,0.0017,0.0023,-0.0008,-0.004,0.0013,0.002,-0.0004,0.0004,0.0001,-0.0003,-0.0012,-0.0008,0.0003,-0.0024,0.0003,-0.0005,-0.001,-0.001,-0.0001,-0.0007,0.0,0.0048,0.0259,-0.0061,0.1303,0.017,0.2741,0.645,-0.7902,-0.1825,1.1208,-0.1986,0.1203,0.4611,0.7782,-0.2037,-1.3318,0.5563,0.5652,-0.1908,0.0855,-0.0036,-0.0739,-0.3848,-0.2529,0.0719,-0.7481,0.1092,-0.0975,-0.3045,-0.3998,-0.0303,-0.2196,0.0169,-1.0,-1.0,-1.0,-1.0,-1.0,-1.0,-1.0,-1.0,-1.0,-1.0,-1.0,-1.0,-1.0,-1.0,-1.0,-1.0,-1.0,-1.0,-1.0,-1.0,-1.0,-1.0,-1.0,-1.0,-1.0,-1.0,-1.0,-1.0,-1.0,-1.0,-1.0,-1.0,-1.0,-1.0,-1.0,-1.0,-1.0,-1.0,-1.0,-1.0,-1.0,-1.0,-1.0,-1.0,-1.0,-1.0,-1.0,-1.0,-1.0,-1.0,-1.0,-1.0,-1.0,-1.0,-1.0,-1.0,-1.0,-1.0,-1.0,-1.0,-1.0,-1.0,-1.0,5.68523043412613,2.6118526105262383,-1.0270672375627727
4,0.008,-0.08480294923132135,0.03878622006008853,1.227500989330406,5.68523043412613,2.6118526105262383,-1.0859272375627727,0.044672178752129504,0.19,0.0002,1.028,1.0,0.0004,0.0,0.0007,0.0043,-0.0045,-0.0012,0.0063,-0.001,0.0007,0.0031,0.0046,-0.0013,-0.0078,0.0033,0.0034,-0.001,0.0006,0.0001,-0.0005,-0.0023,-0.0015,0.0005,-0.0045,0.0006,-0.0007,-0.0018,-0.0022,-0.0002,-0.0013,0.0001,0.0035,0.0352,-0.0038,0.1924,0.0366,0.455,0.6502,-1.16,-0.2843,1.6982,-0.5055,0.151,0.6867,1.1171,-0.2695,-1.9286,0.9786,0.7273,-0.2976,0.0977,-0.0192,-0.0961,-0.5557,-0.353,0.096,-1.0923,0.1672,-0.1165,-0.4209,-0.6317,-0.0427,-0.3033,0.0237,-1.0,-1.0,-1.0,-1.0,-1.0,-1.0,6.708074732328703,-1.0,-1.0,-1.0,-1.0,-1.0,-1.0,-1.0,-1.0,-1.0,-1.0,-1.0,-1.0,-1.0,-1.0,-1.0,-1.0,-1.0,-1.0,-1.0,-1.0,-1.0,-1.0,-1.0,-1.0,-1.0,-1.0,-1.0,-1.0,-1.0,-1.0,-1.0,-1.0,-1.0,-1.0,-1.0,-1.0,-1.0,-1.0,-1.0,-1.0,-1.0,-1.0,-1.0,-1.0,-1.0,-1.0,-1.0,-1.0,-1.0,-1.0,-1.0,-1.0,-1.0,-1.0,-1.0,-1.0,5.68523043412613,2.6118526105262383,-1.0270672375627727
5,0.01,-0.07343248836306909,0.044009925281141005,1.2253095148552806,5.68523043412613,2.6118526105262383,-1.1055472375627728,0.044672178752129504,0.19,0.0002,1.028,1.0,0.0005,0.0003,0.0011,0.0057,-0.0077,-0.0016,0.0104,-0.0024,0.001,0.0047,0.0061,-0.0017,-0.0113,0.0049,0.0046,-0.0013,0.0007,0.0,-0.0007,-0.003,-0.002,0.0007,-0.0071,0.0008,-0.0012,-0.0029,-0.003,-0.0003,-0.0018,0.0002,-0.0246,0.0286,0.0009,0.1259,0.2143,0.3741,0.7051,-1.5976,-0.1996,2.0895,-0.6947,0.1481,0.782,0.7798,-0.1682,-1.7619,0.8339,0.5716,-0.1695,0.0281,-0.0279,-0.1001,-0.3412,-0.2609,0.1214,-1.2619,0.1111,-0.2293,-0.5128,-0.3657,-0.0418,-0.2504,0.028,-1.0,-1.0,-1.0,-1.0,-1.0,-1.0,7.29208505872871,-1.0,-1.0,-1.0,-1.0,-1.0,-1.0,-1.0,6.735348666223544,-1.0,-1.0,-1.0,-1.0,-1.0,-1.0,-1.0,-1.0,-1.0,-1.0,-1.0,-1.0,-1.0,-1.0,-1.0,-1.0,-1.0,-1.0,-1.0,-1.0,-1.0,-1.0,-1.0,-1.0,-1.0,-1.0,-1.0,-1.0,-1.0,-1.0,-1.0,-1.0,-1.0,-1.0,-1.0,-1.0,-1.0,-1.0,-1.0,-1.0,-1.0,-1.0,-1.0,-1.0,-1.0,-1.0,-1.0,-1.0,5.68523043412613,2.6118526105262383,-1.0270672375627727
6,0.012,-0.06206202749481683,0.04923363050219348,1.2230788003801552,5.68523043412613,2.6118526105262383,-1.1251672375627728,0.044672178752129504,0.1899,0.0003,1.028,1.0,0.0006,0.0006,0.0014,0.0076,-0.0117,-0.0018,0.0152,-0.0045,0.0011,0.0063,0.0071,-0.0018,-0.0146,0.0064,0.0054,-0.0015,0.0006,-0.0001,-0.0009,-0.0033,-0.0024,0.001,-0.0099,0.001,-0.0019,-0.004,-0.0033,-0.0003,-0.0022,0.0002,-0.0507,0.0215,0.0004,0.0456,0.3848,0.3444,0.9425,-2.0398,-0.1048,2.3627,-1.0541,0.0379,0.8202,0.468,-0.0517,-1.6123,0.7022,0.4213,-0.0969,-0.039,-0.0414,-0.1014,-0.1429,-0.1824,0.1423,-1.4073,0.0611,-0.3438,-0.5913,-0.1389,-0.0408,-0.2046,0.0316,-1.0,-1.0,-1.0,-1.0,-1.0,-1.0,7.986018226295064,-1.0,-1.0,-1.0,-1.0,-1.0,-1.0,-1.0,7.136320542355207,-1.0,-1.0,-1.0,-1.0,-1.0,-1.0,-1.0,-1.0,-1.0,-1.0,-1.0,-1.0,-1.0,-1.0,-1.0,-1.0,-1.0,-1.0,-1.0,-1.0,-1.0,-1.0,-1.0,-1.0,-1.0,-1.0,-1.0,-1.0,-1.0,-1.0,-1.0,-1.0,-1.0,-1.0,-1.0,-1.0,-1.0,-1.0,-1.0,-1.0,-1.0,-1.0,-1.0,-1.0,-1.0,-1.0,-1.0,-1.0,5.68523043412613,2.6118526105262383,-1.0270672375627727
7,0.014,-0.05069156662656457,0.05445733572324596,1.2208088459050295,5.68523043412613,2.6118526105262383,-1.1447872375627728,0.044672178752129504,0.1897,0.0003,1.028,1.0,0.0006,0.0012,0.0017,0.0098,-0.0167,-0.0018,0.0205,-0.0071,0.0008,0.008,0.0074,-0.0017,-0.0175,0.0075,0.006,-0.0016,0.0004,-0.0002,-0.0011,-0.0032,-0.0026,0.0013,-0.0129,0.001,-0.0028,-0.0054,-0.0031,-0.0004,-0.0025,0.0003,-0.0763,0.0147,0.0,-0.0311,0.554,0.323,1.1184,-2.4649,-0.0171,2.6727,-1.2863,-0.14,0.8631,0.1659,0.0584,-1.4724,0.582,0.2853,-0.0414,-0.0985,-0.0523,-0.1016,0.0523,-0.1157,0.1613,-1.5301,0.0133,-0.4522,-0.6596,0.0543,-0.0398,-0.165,0.0346,-1.0,-1.0,-1.0,-1.0,-1.0,-1.0,8.815879035249731,-1.0,-1.0,-1.0,-1.0,-1.0,-1.0,-1.0,7.5542307681024194,-1.0,-1.0,-1.0,-1.0,-1.0,-1.0,-1.0,-1.0,-1.0,-1.0,-1.0,-1.0,-1.0,-1.0,-1.0,-1.0,-1.0,-1.0,-1.0,-1.0,-1.0,-1.0,-1.0,-1.0,-1.0,-1.0,-1.0,-1.0,-1.0,-1.0,-1.0,-1.0,-1.0,-1.0,-1.0,-1.0,-1.0,-1.0,-1.0,-1.0,-1.0,-1.0,-1.0,-1.0,-1.0,-1.0,-1.0,-1.0,5.68523043412613,2.6118526105262383,-1.0270672375627727
8,0.016,-0.03932110575831231,0.059681040944298436,1.218499651429904,5.68523043412613,2.6118526105262383,-1.1644072375627728,0.044672178752129504,0.1895,0.0003,1.028,1.0,0.0004,0.0019,0.002,0.0124,-0.0226,-0.0016,0.0266,-0.0088,0.0005,0.0098,0.0072,-0.0013,-0.0202,0.0085,0.0063,-0.0016,0.0001,-0.0003,-0.0013,-0.0027,-0.0027,0.0017,-0.0162,0.0009,-0.0039,-0.0068,-0.0027,-0.0005,-0.0028,0.0004,-0.1001,0.006,-0.0033,-0.1154,0.7156,0.3183,1.3188,-2.9416,0.1174,3.0674,-0.8372,-0.1828,0.8972,-0.1157,0.1788,-1.3457,0.4759,0.1614,-0.0074,-0.1547,-0.061,-0.0995,0.2381,-0.0592,0.1782,-1.6334,-0.0306,-0.5547,-0.7175,0.2195,-0.0387,-0.1306,0.0372,-1.0,-1.0,-1.0,-1.0,-1.0,-1.0,9.819187329952586,-1.0,-1.0,-1.0,-1.0,-1.0,-1.0,-1.0,7.985101409459536,-1.0,-1.0,-1.0,-1.0,-1.0,-1.0,-1.0,-1.0,-1.0,-1.0,-1.0,-1.0,-1.0,-1.0,-1.0,-1.0,-1.0,-1.0,-1.0,-1.0,-1.0,-1.0,-1.0,-1.0,-1.0,-1.0,-1.0,-1.0,-1.0,-1.0,-1.0,-1.0,-1.0,-1.0,-1.0,-1.0,-1.0,-1.0,-1.0,-1.0,-1.0,-1.0,-1.0,-1.0,-1.0,-1.0,-1.0,-1.0,5.68523043412613,2.6118526105262383,-1.0270672375627727
9,0.018,-0.02795064489006005,0.06490474616535091,1.2161512169547783,5.68523043412613,2.6118526105262383,-1.1840272375627727,0.044672178752129504,0.1893,0.0003,1.0279,1.0,0.0002,0.0028,0.0024,0.0156,-0.0294,-0.0011,0.0334,-0.0097,0.0003,0.0117,0.0064,-0.0007,-0.0227,0.0092,0.0064,-0.0016,-0.0003,-0.0004,-0.0015,-0.0019,-0.0027,0.0021,-0.0196,0.0008,-0.0052,-0.0083,-0.002,-0.0006,-0.003,0.0004,-0.1229,-0.0033,-0.0078,-0.2015,0.8737,0.3433,1.5828,-3.415,0.2514,3.3804,-0.4478,-0.0786,0.9214,-0.3793,0.3008,-1.2339,0.3834,0.0518,-0.0048,-0.2083,-0.0685,-0.0969,0.4189,-0.0115,0.1931,-1.721,-0.0699,-0.655,-0.7689,0.36,-0.0377,-0.1008,0.0392,-1.0,-1.0,-1.0,-1.0,-1.0,-1.0,11.047962545557027,-1.0,-1.0,-1.0,-1.0,-1.0,-1.0,-1.0,8.41514293958672,-1.0,-1.0,-1.0,-1.0,-1.0,-1.0,-1.0,-1.0,-1.0,-1.0,-1.0,-1.0,-1.0,-1.0,-1.0,-1.0,-1.0,-1.0,-1.0,-1.0,-1.0,-1.0,-1.0,-1.0,-1.0,-1.0,-1.0,-1.0,-1.0,-1.0,-1.0,-1.0,-1.0,-1.0,-1.0,-1.0,-1.0,-1.0,-1.0,-1.0,-1.0,-1.0,-1.0,-1.0,-1.0,-1.0,-1.0,-1.0,5.68523043412613,2.6118526105262383,-1.0270672375627727
10,0.02,-0.016580184021807776,0.07012845138640339,1.2137635424796527,5.68523043412613,2.6118526105262383,-1.2036472375627727,0.044672178752129504,0.189,0.0003,1.0279,1.0,0.0,0.0038,0.0028,0.0192,-0.0372,-0.0004,0.0408,-0.0098,0.0004,0.0142,0.0052,0.0002,-0.0249,0.0103,0.0067,-0.0017,-0.0008,-0.0006,-0.0017,-0.0007,-0.0027,0.0025,-0.0232,0.0006,-0.0067,-0.01,-0.0011,-0.0006,-0.0031,0.0005,-0.1478,-0.0133,-0.018,-0.2749,1.0378,0.4295,1.7839,-3.8974,0.3631,3.6779,-0.0642,0.0323,1.2575,-0.6139,0.4494,-1.1331,0.5457,0.1113,-0.0586,-0.2687,-0.0684,-0.0962,0.5913,0.0283,0.206,-1.7947,-0.1098,-0.7479,-0.8178,0.4619,-0.0369,-0.0758,0.0408,-1.0,-1.0,-1.0,-1.0,-1.0,-1.0,12.595089658016692,-1.0,-1.0,-1.0,-1.0,-1.0,-1.0,-1.0,8.837050425468808,-1.0,-1.0,-1.0,-1.0,-1.0,-1.0,-1.0,-1.0,-1.0,-1.0,-1.0,-1.0,-1.0,-1.0,-1.0,-1.0,-1.0,-1.0,-1.0,-1.0,-1.0,-1.0,-1.0,-1.0,-1.0,-1.0,-1.0,-1.0,-1.0,-1.0,-1.0,-1.0,-1.0,-1.0,-1.0,-1.0,-1.0,-1.0,-1.0,-1.0,-1.0,-1.0,-1.0,-1.0,-1.0,-1.0,-1.0,-1.0,5.68523043412613,2.6118526105262383,-1.0270672375627727
11,0.022,-0.005209723153555529,0.07535215660745587,1.2113366280045272,5.68523043412613,2.6118526105262383,-1.2232672375627727,0.044672178752129504,0.1886,0.0002,1.0279,1.0,-0.0004,0.005,0.0033,0.0228,-0.0457,0.0004,0.0484,-0.0111,0.0002,0.0173,0.0034,0.0013,-0.027,0.0117,0.007,-0.002,-0.0015,-0.0007,-0.0019,0.0008,-0.0026,0.0029,-0.0269,0.0003,-0.0084,-0.0117,0.0,-0.0007,-0.0032,0.0006,-0.1744,-0.0207,-0.0235,-0.3304,1.2116,0.5047,1.7867,-4.2443,0.3986,3.8037,-0.6539,-0.1118,1.5795,-0.8664,0.5671,-1.0322,0.6873,0.167,-0.1078,-0.322,-0.0661,-0.097,0.771,0.0613,0.2173,-1.8556,-0.15,-0.8365,-0.8622,0.5453,-0.0362,-0.0545,0.0421,-1.0,-1.0,-1.0,-1.0,-1.0,-1.0,14.577602277041217,-1.0,-1.0,-1.0,-1.0,-1.0,-1.0,-1.0,9.230390602506974,-1.0,-1.0,-1.0,-1.0,-1.0,-1.0,-1.0,-1.0,-1.0,-1.0,-1.0,-1.0,-1.0,-1.0,-1.0,-1.0,-1.0,-1.0,-1.0,-1.0,-1.0,-1.0,-1.0,-1.0,-1.0,-1.0,-1.0,-1.0,-1.0,-1.0,-1.0,-1.0,-1.0,-1.0,-1.0,-1.0,-1.0,-1.0,-1.0,-1.0,-1.0,-1.0,-1.0,-1.0,-1.0,-1.0,-1.0,-1.0,5.68523043412613,2.6118526105262383,-1.0270672375627727
12,0.024,0.006160737714696718,0.08057586182850834,1.2088704735294018,5.68523043412613,2.6118526105262383,-1.2428872375627726,0.044672178752129504,0.1883,0.0002,1.0278,1.0,-0.0007,0.0061,0.0037,0.0257,-0.0527,0.0013,0.0547,-0.0124,0.0003,0.0207,0.0021,0.0026,-0.0289,0.0132,0.0073,-0.002,-0.002,-0.0008,-0.002,0.0026,-0.0025,0.0034,-0.0302,0.0,-0.01,-0.0133,0.0013,-0.0008,-0.0033,0.0007,-0.1496,-0.0272,-0.0249,-0.3536,1.0434,0.3461,1.4948,-3.541,0.4276,3.1604,-0.6641,0.046,1.7009,-0.6836,0.627,-0.9711,0.7731,0.155,-0.033,-0.2656,-0.0388,-0.0664,0.8913,0.0502,0.2393,-1.6399,-0.1413,-0.8371,-0.7963,0.6183,-0.0307,-0.0443,0.0349,-1.0,-1.0,-1.0,-1.0,-1.0,-1.0,17.155590093039038,-1.0,-1.0,-1.0,-1.0,-1.0,-1.0,-1.0,9.576897916509965,-1.0,-1.0,-1.0,-1.0,-1.0,-1.0,-1.0,-1.0,-1.0,-1.0,-1.0,-1.0,-1.0,6.84002040906296,-1.0,-1.0,-1.0,-1.0,-1.0,-1.0,-1.0,-1.0,-1.0,-1.0,-1.0,-1.0,-1.0,-1.0,-1.0,-1.0,-1.0,-1.0,-1.0,-1.0,-1.0,-1.0,-1.0,-1.0,-1.0,-1.0,-1.0,-1.0,-1.0,-1.0,-1.0,-1.0,-1.0,-1.0,5.68523043412613,2.6118526105262383,-1.0270672375627727
13,0.026,0.017531198582948992,0.08579956704956082,1.2063650790542761,5.68523043412613,2.6118526105262383,-1.2625072375627728,0.044672178752129504,0.1881,0.0001,1.0278,1.0,-0.0011,0.007,0.0039,0.0283,-0.0587,0.0022,0.0599,-0.0138,0.0007,0.0245,0.001,0.0039,-0.0307,0.0149,0.0075,-0.002,-0.0024,-0.0008,-0.0021,0.0046,-0.0024,0.0039,-0.0331,-0.0003,-0.0117,-0.0148,0.0023,-0.0008,-0.0034,0.0007,-0.1283,-0.0317,-0.0272,-0.3626,0.9064,0.2147,1.2632,-2.9545,0.4363,2.6098,-0.6691,0.2063,1.8672,-0.5388,0.6677,-0.8683,0.8123,0.1262,0.0085,-0.1709,-0.0089,-0.0453,0.9915,0.0432,0.2683,-1.4449,-0.1228,-0.8356,-0.7433,0.5082,-0.0267,-0.0467,0.0334,-1.0,-1.0,-1.0,-1.0,-1.0,-1.0,20.561356206676038,-1.0,-1.0,6.7095420284404295,-1.0,-1.0,-1.0,-1.0,9.849553954267801,-1.0,-1.0,-1.0,-1.0,-1.0,-1.0,-1.0,-1.0,-1.0,-1.0,-1.0,-1.0,-1.0,7.3983898953390606,-1.0,-1.0,-1.0,-1.0,-1.0,-1.0,-1.0,-1.0,-1.0,-1.0,-1.0,-1.0,-1.0,-1.0,-1.0,-1.0,-1.0,-1.0,-1.0,-1.0,-1.0,-1.0,-1.0,-1.0,-1.0,-1.0,-1.0,-1.0,-1.0,-1.0,-1.0,-1.0,-1.0,-1.0,5.68523043412613,2.6118526105262383,-1.0270672375627727
14,0.028,0.028901659451201267,0.0910232722706133,1.2038204445791505,5.68523043412613,2.6118526105262383,-1.2821272375627728,0.044672178752129504,0.1879,0.0001,1.0277,1.0,-0.0014,0.0078,0.0039,0.0305,-0.0636,0.003,0.0641,-0.0151,0.0014,0.0281,0.0001,0.0052,-0.0323,0.016,0.0075,-0.0019,-0.0023,-0.0008,-0.0022,0.0067,-0.0023,0.0045,-0.0356,-0.0005,-0.0134,-0.0162,0.003,-0.0009,-0.0036,0.0008,-0.1083,-0.0316,-0.0281,-0.3554,0.7973,0.0639,1.1298,-2.4495,0.4166,2.1113,-0.6515,0.3743,1.8123,-0.4491,0.6382,-0.7937,0.5611,-0.024,0.0471,0.0082,0.0179,-0.0336,1.057,0.0399,0.3117,-1.2646,-0.1153,-0.8399,-0.7005,0.3441,-0.0251,-0.0796,0.0414,-1.0,-1.0,-1.0,-1.0,-1.0,-1.0,25.174865741066046,-1.0,-1.0,6.729457972774368,-1.0,-1.0,-1.0,-1.0,10.043785909628363,-1.0,-1.0,-1.0,-1.0,-1.0,-1.0,-1.0,-1.0,-1.0,-1.0,-1.0,-1.0,-1.0,8.043031625142786,7.0525014111876665,-1.0,-1.0,-1.0,-1.0,-1.0,-1.0,-1.0,-1.0,-1.0,-1.0,-1.0,-1.0,-1.0,-1.0,-1.0,-1.0,-1.0,-1.0,-1.0,-1.0,-1.0,-1.0,-1.0,-1.0,-1.0,-1.0,-1.0,-1.0,-1.0,-1.0,-1.0,-1.0,-1.0,5.68523043412613,2.6118526105262383,-1.0270672375627727
15,0.03,0.040272120319453514,0.09624697749166577,1.201236570104025,5.68523043412613,2.6118526105262383,-1.3017472375627728,0.044672178752129504,0.1877,0.0,1.0276,1.0,-0.0018,0.0085,0.0039,0.0326,-0.0676,0.0037,0.0674,-0.0163,0.0025,0.0316,-0.0007,0.0064,-0.0337,0.0167,0.0071,-0.0018,-0.0018,-0.0007,-0.0022,0.0089,-0.0022,0.0053,-0.0378,-0.0007,-0.0151,-0.0175,0.0033,-0.0009,-0.0039,0.0009,-0.0905,-0.0286,-0.0291,-0.332,0.7135,-0.0735,1.0484,-2.0201,0.3712,1.6586,-0.6134,0.5524,1.7782,-0.3951,0.5909,-0.7046,0.335,-0.1799,0.0586,0.2571,0.0452,-0.0304,1.0933,0.0398,0.3664,-1.0972,-0.1243,-0.8466,-0.6672,0.1727,-0.0256,-0.1389,0.0572,-1.0,-1.0,-1.0,-1.0,-1.0,-1.0,31.390594159817653,-1.0,-1.0,6.712583392468756,-1.0,-1.0,-1.0,-1.0,10.13026987999104,-1.0,-1.0,-1.0,-1.0,-1.0,-1.0,-1.0,-1.0,-1.0,-1.0,-1.0,-1.0,-1.0,8.799398133053828,7.590647482372435,7.062910168041326,-1.0,-1.0,-1.0,-1.0,-1.0,-1.0,-1.0,-1.0,-1.0,-1.0,-1.0,-1.0,-1.0,-1.0,-1.0,-1.0,-1.0,-1.0,-1.0,-1.0,-1.0,-1.0,-1.0,-1.0,-1.0,-1.0,-1.0,-1.0,-1.0,-1.0,-1.0,-1.0,5.68523043412613,2.6118526105262383,-1.0270672375627727
16,0.032,0.05164258118770576,0.10147068271271824,1.1986134556288996,5.68523043412613,2.6118526105262383,-1.3213672375627727,0.044672178752129504,0.1875,0.0,1.0276,0.9999,-0.0021,0.0091,0.0037,0.0346,-0.0709,0.0044,0.0699,-0.0174,0.0038,0.0352,-0.0014,0.0074,-0.0349,0.0169,0.0065,-0.0017,-0.0008,-0.0005,-0.0023,0.0111,-0.0021,0.0061,-0.0397,-0.001,-0.0168,-0.0188,0.0033,-0.001,-0.0043,0.0011,-0.075,-0.0244,-0.0281,-0.2974,0.6508,-0.197,1.0028,-1.6538,0.3149,1.2485,-0.5793,0.6655,1.7704,-0.3679,0.5336,-0.6047,0.1163,-0.3264,0.0562,0.5375,0.0733,-0.0347,1.12,0.0424,0.4316,-0.9412,-0.1419,-0.856,-0.6431,-0.0008,-0.0279,-0.2206,0.0795,-1.0,-1.0,-1.0,-1.0,-1.0,-1.0,39.358940157920856,-1.0,-1.0,-1.0,-1.0,-1.0,-1.0,-1.0,10.10825901870739,-1.0,-1.0,-1.0,-1.0,-1.0,-1.0,-1.0,6.767007985723158,-1.0,-1.0,-1.0,6.80316305524465,-1.0,9.674213987938684,8.19048593635923,7.678764052558034,-1.0,-1.0,-1.0,-1.0,-1.0,-1.0,-1.0,-1.0,-1.0,-1.0,-1.0,-1.0,-1.0,-1.0,-1.0,-1.0,-1.0,-1.0,-1.0,-1.0,-1.0,-1.0,-1.0,-1.0,-1.0,-1.0,-1.0,-1.0,-1.0,-1.0,-1.0,-1.0,5.68523043412613,2.6118526105262383,-1.0270672375627727
17,0.034,0.06301304205595804,0.10669438793377073,1.195951101153774,5.68523043412613,2.6118526105262383,-1.3409872375627727,0.044672178752129504,0.1874,-0.0001,1.0275,0.9999,-0.0023,0.0097,0.0034,0.0366,-0.0736,0.0049,0.0717,-0.0183,0.0049,0.0388,-0.0021,0.0084,-0.0359,0.0167,0.0056,-0.0016,0.0009,-0.0003,-0.0024,0.0135,-0.002,0.0072,-0.0413,-0.0013,-0.0185,-0.02,0.003,-0.0011,-0.0049,0.0013,-0.0624,-0.0195,-0.0226,-0.251,0.606,-0.3084,0.9607,-1.357,0.2614,0.89,-0.4122,0.5146,1.7938,-0.3623,0.4653,-0.4962,-0.1075,-0.4536,0.0529,0.8116,0.1031,-0.0464,1.1567,0.0474,0.5064,-0.7952,-0.1633,-0.8686,-0.6294,-0.1732,-0.0317,-0.321,0.1074,-1.0,-1.0,-1.0,-1.0,-1.0,-1.0,47.744428027033486,-1.0,-1.0,-1.0,-1.0,-1.0,-1.0,-1.0,9.962753293762704,-1.0,-1.0,-1.0,-1.0,-1.0,-1.0,-1.0,7.027569414398225,-1.0,-1.0,-1.0,7.233599976713816,-1.0,10.706315721874518,8.86304036572717,8.405591985332638,-1.0,-1.0,-1.0,-1.0,-1.0,-1.0,-1.0,-1.0,-1.0,-1.0,-1.0,-1.0,-1.0,-1.0,-1.0,-1.0,-1.0,-1.0,-1.0,-1.0,-1.0,-1.0,-1.0,-1.0,-1.0,-1.0,-1.0,-1.0,-1.0,-1.0,-1.0,-1.0,5.68523043412613,2.6118526105262383,-1.0270672375627727
18,0.036,0.07438350292421031,0.1119180931548232,1.1932495066786484,5.68523043412613,2.6118526105262383,-1.360607237562773,0.044672178752129504,0.1873,-0.0001,1.0275,0.9999,-0.0026,0.0104,0.003,0.0383,-0.0759,0.0055,0.0725,-0.0186,0.005,0.0425,-0.0037,0.0094,-0.0356,0.0166,0.0047,-0.0017,0.0029,0.0,-0.0026,0.0155,-0.0019,0.0081,-0.0428,-0.0019,-0.0206,-0.0214,0.0029,-0.0011,-0.0055,0.0015,-0.07,-0.0203,-0.0205,-0.2663,0.6734,-0.3763,0.8814,-1.1665,0.3012,0.3982,-0.155,0.0789,1.8814,-0.7822,0.5086,0.1156,-0.0438,-0.4174,-0.0748,0.9913,0.1481,-0.1046,1.0079,0.0549,0.4734,-0.7213,-0.2813,-1.0117,-0.6869,-0.0581,-0.026,-0.2739,0.0892,-1.0,-1.0,-1.0,-1.0,-1.0,-1.0,53.48682561822286,-1.0,-1.0,-1.0,-1.0,-1.0,-1.0,-1.0,9.726943555640942,-1.0,-1.0,-1.0,-1.0,-1.0,-1.0,-1.0,7.259098347371922,-1.0,-1.0,6.85413233155281,7.6790196314114905,6.879160804327669,11.880069583292043,9.592863630600256,9.246333223741953,-1.0,-1.0,-1.0,-1.0,-1.0,6.69386247126898,-1.0,-1.0,-1.0,-1.0,-1.0,-1.0,-1.0,-1.0,-1.0,-1.0,-1.0,-1.0,-1.0,-1.0,-1.0,-1.0,-1.0,-1.0,-1.0,-1.0,-1.0,-1.0,-1.0,-1.0,-1.0,-1.0,5.68523043412613,2.6118526105262383,-1.0270672375627727
19,0.038,0.08575396379246258,0.11714179837587568,1.190508672203523,5.68523043412613,2.6118526105262383,-1.3802272375627729,0.044672178752129504,0.1871,-0.0002,1.0274,0.9999,-0.0029,0.0111,0.0025,0.04,-0.078,0.0062,0.0725,-0.0177,0.0051,0.0464,-0.0061,0.0105,-0.0343,0.0166,0.004,-0.0021,0.0052,0.0003,-0.0029,0.0172,-0.0018,0.009,-0.044,-0.0027,-0.0229,-0.0229,0.0029,-0.0011,-0.006,0.0016,-0.0771,-0.0221,-0.0259,-0.2997,0.7335,-0.4513,0.8305,-1.0331,0.3434,-0.0233,0.4425,0.0213,1.955,-1.1754,0.5677,0.6733,0.0211,-0.3917,-0.1779,1.1529,0.1833,-0.1641,0.8414,0.0614,0.4489,-0.6458,-0.3987,-1.1637,-0.7459,0.0362,-0.0207,-0.233,0.0732,-1.0,-1.0,-1.0,-1.0,-1.0,-1.0,52.961995296673905,-1.0,-1.0,-1.0,-1.0,-1.0,-1.0,-1.0,9.410752447837314,-1.0,-1.0,-1.0,-1.0,-1.0,-1.0,-1.0,7.468736011952324,-1.0,-1.0,7.458145262428338,8.151557025057535,7.403942036305092,13.246045047354464,10.399916695493744,10.248735591511808,6.713976373740882,-1.0,-1.0,-1.0,-1.0,7.246049177640213,-1.0,-1.0,-1.0,-1.0,-1.0,-1.0,-1.0,-1.0,-1.0,-1.0,-1.0,-1.0,-1.0,-1.0,-1.0,-1.0,-1.0,-1.0,-1.0,-1.0,-1.0,-1.0,-1.0,-1.0,-1.0,-1.0,5.68523043412613,2.6118526105262383,-1.0270672375627727
20,0.04,0.0971244246607148,0.12236550359692815,1.1877285977283973,5.68523043412613,2.6118526105262383,-1.3998472375627729,0.044672178752129504,0.187,-0.0002,1.0274,0.9999,-0.0032,0.0119,0.002,0.0416,-0.0798,0.0069,0.0718,-0.0166,0.0043,0.0505,-0.0091,0.0117,-0.032,0.0168,0.0032,-0.0027,0.0078,0.0008,-0.0033,0.0186,-0.0017,0.0098,-0.0452,-0.0037,-0.0255,-0.0245,0.0032,-0.0012,-0.0064,0.0018,-0.0839,-0.0223,-0.0236,-0.3103,0.7916,-0.5004,0.7966,-0.917,0.3741,-0.3573,0.549,-0.3941,2.0177,-1.5129,0.5955,1.1274,0.0757,-0.3599,-0.2912,1.3041,0.2112,-0.1948,0.7197,0.0668,0.426,-0.5699,-0.5059,-1.3104,-0.8106,0.1166,-0.0132,-0.2213,0.0617,-1.0,-1.0,-1.0,-1.0,-1.0,-1.0,46.4757697299283,-1.0,-1.0,-1.0,6.88243123295246,-1.0,-1.0,-1.0,9.037744360514242,-1.0,-1.0,-1.0,-1.0,-1.0,-1.0,-1.0,7.62923230753437,-1.0,-1.0,8.155670336494973,8.618665267725975,7.979319523930433,14.735913432873993,11.234638414598374,11.413107781990723,7.24295821656297,-1.0,6.866515493868564,-1.0,-1.0,7.874107952540038,-1.0,-1.0,-1.0,-1.0,-1.0,-1.0,-1.0,-1.0,-1.0,-1.0,-1.0,-1.0,-1.0,-1.0,-1.0,-1.0,-1.0,-1.0,-1.0,-1.0,-1.0,-1.0,-1.0,-1.0,-1.0,-1.0,5.68523043412613,2.6118526105262383,-1.0270672375627727
21,0.042,0.10849488552896708,0.12758920881798064,1.1849092832532717,5.68523043412613,2.6118526105262383,-1.4194672375627728,0.044672178752129504,0.1868,-0.0003,1.0274,0.9999,-0.0036,0.0128,0.0015,0.0431,-0.0815,0.0077,0.0705,-0.0153,0.0028,0.0542,-0.0127,0.0129,-0.0292,0.0165,0.0024,-0.0035,0.0107,0.0012,-0.0036,0.0198,-0.0015,0.0106,-0.0462,-0.0049,-0.0285,-0.0261,0.0035,-0.0012,-0.0069,0.0019,-0.0886,-0.0218,-0.0206,-0.3291,0.8405,-0.5528,0.7844,-0.8281,0.4117,-0.619,0.631,-0.7633,1.8654,-1.7877,0.5908,1.444,-0.1288,-0.4362,-0.407,1.4569,0.2131,-0.1509,0.5935,0.0712,0.3939,-0.4942,-0.614,-1.4799,-0.8007,0.1717,-0.0014,-0.253,0.0563,-1.0,-1.0,-1.0,-1.0,-1.0,-1.0,37.97601065148542,-1.0,-1.0,-1.0,7.2838089173758584,-1.0,-1.0,-1.0,8.624195943718204,-1.0,-1.0,-1.0,-1.0,-1.0,-1.0,-1.0,7.746473177530681,-1.0,6.847497092211303,8.99125834137943,9.087420424672679,8.629638570175567,16.357906666555788,12.095773995805343,12.808248734152496,7.851832206734343,-1.0,7.480875219776488,-1.0,-1.0,8.610239023819085,6.796027614658248,-1.0,-1.0,-1.0,-1.0,-1.0,-1.0,-1.0,-1.0,-1.0,-1.0,-1.0,-1.0,-1.0,-1.0,-1.0,-1.0,-1.0,-1.0,-1.0,-1.0,-1.0,-1.0,-1.0,-1.0,-1.0,5.68523043412613,2.6118526105262383,-1.0270672375627727
22,0.044,0.11986534639721935,0.13281291403903311,1.1820507287781463,5.68523043412613,2.6118526105262383,-1.4390872375627728,0.044672178752129504,0.1866,-0.0003,1.0273,0.9999,-0.0039,0.0137,0.0009,0.0447,-0.0831,0.0086,0.0689,-0.0139,0.0005,0.0577,-0.0167,0.0141,-0.0259,0.0158,0.0014,-0.0046,0.0139,0.0016,-0.0037,0.0207,-0.0014,0.0113,-0.047,-0.0064,-0.0318,-0.0275,0.0039,-0.0012,-0.0075,0.002,-0.093,-0.0221,-0.019,-0.3493,0.8865,-0.5777,0.7605,-0.7745,0.4501,-0.8168,0.6958,-1.1082,1.74,-1.9967,0.6056,1.6286,-0.3867,-0.4698,-0.5469,1.6009,0.1987,-0.0472,0.4773,0.0748,0.3541,-0.4189,-0.7131,-1.6729,-0.697,0.2057,0.0133,-0.3128,0.0554,-1.0,-1.0,-1.0,-1.0,-1.0,-1.0,30.510235006426765,-1.0,-1.0,-1.0,7.701990436975152,-1.0,-1.0,-1.0,8.201251114258797,-1.0,-1.0,-1.0,-1.0,-1.0,-1.0,-1.0,7.812075981400207,-1.0,7.079372508920828,9.988454984563655,9.528971297427734,9.347305430564315,17.964106214924207,12.929448107586541,14.432036870645723,8.538079535008478,-1.0,8.200024050494434,7.205899472136528,-1.0,9.457896801676851,7.456736507062462,-1.0,-1.0,-1.0,-1.0,-1.0,-1.0,-1.0,-1.0,-1.0,-1.0,-1.0,-1.0,-1.0,-1.0,-1.0,-1.0,-1.0,-1.0,-1.0,-1.0,-1.0,-1.0,-1.0,-1.0,-1.0,5.68523043412613,2.6118526105262383,-1.0270672375627727
23,0.046,0.13123580726547157,0.1380366192600856,1.179152934303021,5.68523043412613,2.6118526105262383,-1.4587072375627728,0.044672178752129504,0.1864,-0.0004,1.0273,0.9999,-0.0043,0.0146,0.0003,0.0462,-0.0846,0.0096,0.067,-0.0116,-0.0014,0.061,-0.0209,0.0154,-0.0224,0.0145,0.0004,-0.006,0.0173,0.0019,-0.0035,0.0215,-0.0012,0.012,-0.0477,-0.008,-0.0356,-0.0286,0.0044,-0.0011,-0.0083,0.0021,-0.0957,-0.025,-0.0242,-0.3919,0.9229,-0.5776,0.7702,-0.7848,0.4988,-0.9478,1.1837,-0.9746,1.6304,-2.1422,0.6543,1.7315,-0.6244,-0.4978,-0.7038,1.7301,0.1648,0.1108,0.3666,0.0779,0.3085,-0.3442,-0.7948,-1.8747,-0.5228,0.2287,0.0298,-0.3879,0.0577,-1.0,-1.0,-1.0,-1.0,-1.0,-1.0,24.602071705262446,-1.0,-1.0,-1.0,8.125083710962652,-1.0,-1.0,-1.0,7.76952152627802,-1.0,-1.0,-1.0,-1.0,-1.0,-1.0,-1.0,7.8193228857184724,-1.0,7.284139964603525,11.197482056241896,9.924112532487598,10.137989196148393,19.38232432381921,13.656100147448686,16.318130441786554,9.32668937825076,-1.0,9.062995531540087,7.843785845390214,7.068153570501634,10.454187261815623,8.263368058005836,6.727781383898283,6.896198919272715,-1.0,-1.0,-1.0,-1.0,-1.0,-1.0,-1.0,-1.0,-1.0,-1.0,-1.0,-1.0,-1.0,-1.0,-1.0,-1.0,-1.0,-1.0,-1.0,-1.0,-1.0,-1.0,-1.0,5.68523043412613,2.6118526105262383,-1.0270672375627727
24,0.048,0.14260626813372385,0.14326032448113807,1.176215899827895,5.68523043412613,2.6118526105262383,-1.4783272375627727,0.044672178752129504,0.1862,-0.0004,1.0272,0.9999,-0.0047,0.0155,-0.0001,0.0475,-0.0861,0.0106,0.0648,-0.0093,-0.0029,0.0644,-0.0253,0.0168,-0.019,0.0133,-0.0003,-0.008,0.0211,0.0022,-0.0028,0.0223,-0.0011,0.0125,-0.0482,-0.0097,-0.0397,-0.0292,0.005,-0.001,-0.0092,0.0022,-0.0963,-0.0275,-0.0131,-0.3865,0.9488,-0.4776,0.6469,-0.7475,0.4814,-1.0782,1.1239,-0.7663,1.6972,-2.17,0.7065,1.7101,-0.6055,-0.3701,-0.9833,1.8843,0.1324,0.3246,0.4092,0.0794,0.2684,-0.2618,-0.8448,-2.0647,-0.3278,0.2986,0.043,-0.4323,0.0608,-1.0,-1.0,-1.0,-1.0,-1.0,-1.0,20.247891682123445,-1.0,-1.0,-1.0,8.549380521520874,-1.0,-1.0,-1.0,7.3539503283455305,-1.0,-1.0,-1.0,-1.0,-1.0,-1.0,-1.0,7.773003447976641,-1.0,7.461219382169018,12.676794743426322,10.245142680784346,10.988474494491426,20.347217732629645,14.220194219866887,18.384341107189414,10.208642843653667,6.856458027403903,10.09709386892462,8.577045975811025,7.781040588221995,11.599886803736501,9.265655917138268,7.326905824917847,7.5211860370007875,-1.0,-1.0,-1.0,-1.0,-1.0,-1.0,-1.0,-1.0,-1.0,-1.0,-1.0,-1.0,-1.0,-1.0,-1.0,-1.0,-1.0,-1.0,-1.0,-1.0,-1.0,-1.0,-1.0,5.68523043412613,2.6118526105262383,-1.0270672375627727
25,0.05,0.15397672900197612,0.14848402970219055,1.1732396253527697,5.68523043412613,2.6118526105262383,-1.4979472375627727,0.044672178752129504,0.186,-0.0005,1.0272,0.9999,-0.0051,0.0165,-0.0005,0.0485,-0.0875,0.0116,0.0624,-0.0072,-0.0035,0.0679,-0.0297,0.0184,-0.0157,0.0121,-0.0008,-0.0105,0.0252,0.0023,-0.0017,0.0231,-0.0009,0.013,-0.0486,-0.0114,-0.0442,-0.0295,0.0057,-0.0009,-0.0101,0.0024,-0.0967,-0.0312,-0.009,-0.3983,0.9747,-0.3741,0.519,-0.7103,0.4726,-1.2156,1.0833,-0.2808,1.7505,-2.1952,0.7782,1.675,-0.5864,-0.2484,-1.2683,2.0319,0.0829,0.5857,0.4277,0.0808,0.2269,-0.1822,-0.8931,-2.2621,-0.1152,0.3587,0.057,-0.4845,0.0651,-1.0,-1.0,-1.0,-1.0,-1.0,-1.0,16.9596002968621,-1.0,-1.0,-1.0,8.944949507813837,-1.0,-1.0,-1.0,6.948301315633342,-1.0,-1.0,-1.0,-1.0,-1.0,-1.0,-1.0,7.669406106238675,-1.0,7.59140350602975,14.499572298979093,10.468299946404443,11.88250819636937,20.656089579126675,14.512328015552248,20.532209695120404,11.211880203116689,7.517365982809645,11.371577302325436,9.440792725353246,8.657422456743008,12.939437716696244,10.54927565073403,8.038468078355647,8.266398530307924,-1.0,-1.0,-1.0,-1.0,-1.0,-1.0,-1.0,-1.0,-1.0,-1.0,-1.0,-1.0,-1.0,-1.0,-1.0,-1.0,-1.0,-1.0,-1.0,-1.0,-1.0,-1.0,-1.0,5.68523043412613,2.6118526105262383,-1.0270672375627727
26,0.052,0.1653471898702284,0.15370773492324302,1.170224110877644,5.68523043412613,2.6118526105262383,-1.5175672375627727,0.044672178752129504,0.1858,-0.0005,1.0272,0.9998,-0.0055,0.0175,-0.0008,0.0493,-0.0889,0.0125,0.0598,-0.0051,-0.0032,0.0714,-0.0341,0.0201,-0.0124,0.011,-0.0011,-0.0136,0.0295,0.0024,0.0,0.024,-0.0007,0.0133,-0.0488,-0.0133,-0.0491,-0.0293,0.0065,-0.0008,-0.0112,0.0025,-0.0977,-0.0348,-0.0062,-0.4109,1.0048,-0.2642,0.3899,-0.7005,0.4666,-1.3161,1.0485,0.1561,1.7956,-2.2208,0.8429,1.6252,-0.5628,-0.1323,-1.5475,2.1689,0.0355,0.826,0.4379,0.0816,0.1835,-0.1088,-0.9315,-2.4568,0.0803,0.3988,0.0696,-0.5358,0.0684,-1.0,-1.0,-1.0,-1.0,-1.0,-1.0,14.495358734304071,-1.0,-1.0,-1.0,9.304448948041241,-1.0,-1.0,-1.0,-1.0,-1.0,-1.0,-1.0,-1.0,-1.0,-1.0,-1.0,7.517189379503464,-1.0,7.673521908767131,16.724383301587366,10.56536806167796,12.761317523613453,20.193203125720427,14.506231915227984,22.38756897780034,12.295973522003788,8.308650719198909,12.92749018653975,10.43671290810903,9.746098077285119,14.430063864659136,12.234358405275488,8.87948395927251,9.148899990217867,-1.0,-1.0,-1.0,-1.0,-1.0,-1.0,-1.0,-1.0,-1.0,-1.0,-1.0,-1.0,-1.0,-1.0,-1.0,-1.0,-1.0,-1.0,-1.0,-1.0,-1.0,-1.0,-1.0,5.68523043412613,2.6118526105262383,-1.0270672375627727
27,0.054,0.17671765073848067,0.1589314401442955,1.1671693564025185,5.68523043412613,2.6118526105262383,-1.5371872375627729,0.044672178752129504,0.1856,-0.0006,1.0272,0.9998,-0.006,0.0185,-0.0009,0.0498,-0.0904,0.0134,0.0571,-0.0031,-0.0021,0.0751,-0.0386,0.0219,-0.0093,0.0099,-0.0011,-0.0172,0.0341,0.0024,0.0019,0.0249,-0.0006,0.0136,-0.0489,-0.0152,-0.0544,-0.0288,0.0073,-0.0006,-0.0124,0.0026,-0.0999,-0.0384,-0.0044,-0.4263,1.043,-0.1501,0.2577,-0.7355,0.4664,-1.3538,1.0051,0.5436,1.8372,-2.2548,0.9015,1.5654,-0.5352,-0.0222,-1.8046,2.2897,0.0052,0.9806,0.4302,0.0814,0.1331,-0.0442,-0.9521,-2.646,0.2356,0.4078,0.0791,-0.5792,0.0691,-1.0,-1.0,-1.0,-1.0,-1.0,-1.0,12.583113032074813,-1.0,-1.0,-1.0,9.601724087620827,-1.0,-1.0,-1.0,-1.0,-1.0,-1.0,6.721871416015071,-1.0,-1.0,-1.0,-1.0,7.328455614579903,-1.0,7.706549718397439,19.4709540962803,10.542696250300985,13.592861056396929,19.123292342856043,14.21549939314372,23.629610096267847,13.446510635175214,9.286995543181789,14.880793165007928,11.598286685180947,11.156983165152399,16.060999627252095,14.580136394894625,9.895244595583433,10.219918694384567,-1.0,-1.0,-1.0,-1.0,-1.0,-1.0,-1.0,-1.0,-1.0,-1.0,-1.0,-1.0,-1.0,-1.0,-1.0,-1.0,-1.0,-1.0,-1.0,-1.0,-1.0,-1.0,-1.0,5.68523043412613,2.6118526105262383,-1.0270672375627727
28,0.056,0.1880881116067329,0.16415514536534798,1.164075361927393,5.68523043412613,2.6118526105262383,-1.5568072375627726,0.044672178752129504,0.1854,-0.0007,1.0272,0.9998,-0.0064,0.0196,-0.0009,0.0501,-0.092,0.0143,0.0544,-0.0013,-0.0006,0.0789,-0.0432,0.0238,-0.0063,0.0089,-0.0009,-0.0213,0.0389,0.0024,0.004,0.0257,-0.0004,0.0137,-0.0489,-0.0171,-0.0601,-0.0281,0.0081,-0.0004,-0.0136,0.0028,-0.1035,-0.0415,0.0009,-0.4318,1.0907,-0.0297,0.1216,-0.8114,0.4618,-1.3306,0.8949,0.7562,1.8746,-2.2994,0.9365,1.4982,-0.4899,0.0822,-2.0451,2.3982,-0.0063,1.0569,0.4188,0.0803,0.0749,0.0129,-0.9569,-2.8204,0.3478,0.394,0.0858,-0.6114,0.0675,-1.0,-1.0,-1.0,-1.0,-1.0,-1.0,11.077386643853377,-1.0,-1.0,-1.0,9.811993054658565,-1.0,-1.0,-1.0,-1.0,-1.0,-1.0,6.873928610563074,-1.0,-1.0,-1.0,-1.0,7.108369306821055,-1.0,7.683920644187326,22.709960785127187,10.392864095570905,14.27983974180723,17.650616631478222,13.66907417332986,23.868483303202073,14.586926767856745,10.514716639363781,17.321333784070756,12.930192888240354,13.038610140815226,17.709985892625642,18.036067213172167,11.128829541668557,11.526250907431105,-1.0,-1.0,-1.0,-1.0,-1.0,-1.0,-1.0,-1.0,-1.0,-1.0,-1.0,-1.0,-1.0,-1.0,-1.0,-1.0,-1.0,-1.0,-1.0,-1.0,-1.0,-1.0,-1.0,5.68523043412613,2.6118526105262383,-1.0270672375627727
45,0.09,0.19945857247498516,0.16937885058640045,1.1609421274522675,5.68523043412613,2.6118526105262383,-1.5764272375627728,0.044672178752129504,0.1839,-0.0014,1.0262,0.9994,-0.006,0.0328,0.0015,0.0435,-0.0965,0.0131,-0.0045,0.036,-0.0038,0.0728,-0.0915,0.0342,0.0096,0.009,-0.0064,-0.0663,0.0922,0.0048,0.0184,0.0507,0.0012,0.0093,-0.0297,-0.0242,-0.129,-0.0321,0.0137,0.001,-0.016,0.0026,-0.007,-0.009,-0.0646,0.2879,0.5221,0.1932,-0.2551,0.2514,-0.3965,-1.7417,0.9288,0.8697,-1.0617,-0.7483,-0.229,-0.0777,0.9576,-0.7862,-0.5776,0.8092,0.0904,-0.0287,0.7904,0.0203,-0.2337,0.8181,0.4252,-1.352,-0.4361,0.0056,0.0089,0.2865,-0.0512,-1.0,-1.0,-1.0,-1.0,-1.0,-1.0,10.33859960171664,-1.0,-1.0,-1.0,9.480759449158775,-1.0,-1.0,-1.0,-1.0,-1.0,-1.0,7.114320037076793,-1.0,-1.0,-1.0,-1.0,6.830250268203483,-1.0,7.703228145905391,27.913799064406078,10.03379146881224,14.783978161481938,15.449562796475256,13.00538405636536,21.818469418479108,15.13079361806799,12.388786831625737,20.37267014324845,14.253999409853627,16.396136766669038,18.571729843715193,25.754425973989893,12.75884832098346,13.223167304375101,-1.0,-1.0,-1.0,-1.0,-1.0,-1.0,-1.0,-1.0,-1.0,-1.0,-1.0,-1.0,-1.0,-1.0,-1.0,-1.0,-1.0,-1.0,-1.0,-1.0,-1.0,-1.0,-1.0,5.68523043412613,2.6118526105262383,-1.0270672375627727
46,0.092,0.21082903334323744,0.17460255580745293,1.1577696529771417,5.68523043412613,2.6118526105262383,-1.5960472375627728,0.044672178752129504,0.1839,-0.0014,1.026,0.9994,-0.0057,0.0333,0.0017,0.043,-0.0959,0.0122,-0.0079,0.0377,-0.0018,0.0706,-0.0929,0.0336,0.0093,0.0112,-0.0081,-0.0673,0.0936,0.005,0.0183,0.0522,0.0012,0.0088,-0.028,-0.0233,-0.1316,-0.033,0.0137,0.001,-0.0153,0.0024,-0.0035,-0.0085,-0.0652,0.3179,0.4948,0.1947,-0.2429,0.2798,-0.4372,-1.7132,0.8225,0.9859,-1.1143,-0.6767,-0.28,-0.1456,1.0886,-0.8552,-0.4922,0.7226,0.0936,-0.0695,0.7837,0.0173,-0.2366,0.8232,0.4921,-1.2633,-0.4606,-0.0021,0.0055,0.3116,-0.0542,-1.0,-1.0,-1.0,-1.0,-1.0,-1.0,9.238551095857256,-1.0,-1.0,-1.0,9.533535556894964,-1.0,-1.0,-1.0,-1.0,-1.0,-1.0,7.219804774754294,-1.0,-1.0,-1.0,-1.0,-1.0,-1.0,7.593422490137501,31.683843874282168,9.720052783740671,14.976272312508838,14.013319613115796,12.212238884130208,20.307507675874753,15.639147062220879,14.482801190084322,23.668237600889384,15.555015115802709,20.637390766332064,19.312756053799163,38.66189375907573,14.416145628644138,15.015175282659799,-1.0,-1.0,-1.0,-1.0,-1.0,-1.0,-1.0,-1.0,-1.0,-1.0,-1.0,-1.0,-1.0,-1.0,-1.0,-1.0,-1.0,-1.0,-1.0,-1.0,-1.0,-1.0,-1.0,5.68523043412613,2.6118526105262383,-1.0270672375627727
47,0.094,0.22219949421148966,0.17982626102850538,1.1545579385020164,5.68523043412613,2.6118526105262383,-1.6156672375627728,0.044672178752129504,0.1839,-0.0014,1.0259,0.9994,-0.0053,0.0338,0.0018,0.0425,-0.0953,0.0112,-0.0113,0.0391,0.0002,0.0683,-0.0941,0.033,0.0089,0.0136,-0.0099,-0.0681,0.0949,0.0052,0.0181,0.0538,0.0013,0.0084,-0.0264,-0.0221,-0.1339,-0.0339,0.0137,0.001,-0.0147,0.0023,-0.0002,-0.0078,-0.0645,0.3511,0.469,0.1958,-0.2331,0.3039,-0.478,-1.6804,0.7208,1.0187,-1.1622,-0.6095,-0.3312,-0.2111,1.205,-0.9126,-0.4089,0.6382,0.0977,-0.1082,0.7771,0.0145,-0.2379,0.8249,0.556,-1.1733,-0.4825,-0.0089,0.0023,0.3338,-0.0568,-1.0,-1.0,-1.0,-1.0,-1.0,-1.0,8.331765525847064,-1.0,-1.0,-1.0,9.480686091843895,-1.0,-1.0,-1.0,-1.0,-1.0,-1.0,7.273383629159178,-1.0,-1.0,-1.0,-1.0,-1.0,-1.0,7.427529409644213,33.93090482753614,9.325470484647523,14.816417469960482,12.644749873074682,11.350528161310592,18.420894653140618,15.8111923043965,17.35331449000082,27.123959506845555,16.77280279933391,27.761043571548242,19.461929137388672,77.62193319808918,16.369889411563395,17.144038582877844,-1.0,-1.0,-1.0,-1.0,-1.0,-1.0,-1.0,-1.0,-1.0,-1.0,-1.0,-1.0,-1.0,-1.0,-1.0,-1.0,-1.0,-1.0,-1.0,-1.0,-1.0,-1.0,-1.0,5.68523043412613,2.6118526105262383,-1.0270672375627727
48,0.096,0.23356995507974193,0.18504996624955786,1.1513069840268908,5.68523043412613,2.6118526105262383,-1.6352872375627727,0.044672178752129504,0.1839,-0.0015,1.0258,0.9994,-0.0049,0.0342,0.002,0.0421,-0.0947,0.0102,-0.0146,0.0404,0.0023,0.0659,-0.0952,0.0322,0.0084,0.0163,-0.0118,-0.0687,0.096,0.0054,0.0178,0.0553,0.0013,0.0079,-0.0247,-0.0209,-0.1361,-0.0349,0.0136,0.001,-0.014,0.0022,0.0027,-0.0075,-0.0645,0.3815,0.444,0.195,-0.2236,0.3234,-0.5148,-1.6419,0.6304,1.0452,-1.204,-0.5475,-0.3757,-0.2718,1.3143,-0.964,-0.3264,0.5558,0.1011,-0.1436,0.765,0.0117,-0.2381,0.8233,0.6169,-1.0842,-0.501,-0.0148,-0.0007,0.351,-0.0591,-1.0,-1.0,-1.0,-1.0,-1.0,-1.0,7.57129810534125,-1.0,-1.0,-1.0,9.328595360049444,-1.0,-1.0,-1.0,-1.0,-1.0,-1.0,7.278646530526871,-1.0,-1.0,-1.0,-1.0,-1.0,-1.0,7.220849586149253,33.75458995467862,8.884960948512395,14.351514918470153,11.40638037789115,10.492092800810218,16.472569757850934,15.604044927968577,21.48942884131578,30.095857951959218,17.73674301948662,42.21038666016559,18.975920094537763,100.0,18.587283738334765,19.58556112657661,-1.0,-1.0,-1.0,-1.0,-1.0,-1.0,-1.0,-1.0,-1.0,-1.0,-1.0,-1.0,-1.0,-1.0,-1.0,-1.0,-1.0,-1.0,-1.0,-1.0,-1.0,-1.0,-1.0,5.68523043412613,2.6118526105262383,-1.0270672375627727
49,0.098,0.2449404159479942,0.19027367147061036,1.1480167895517652,5.68523043412613,2.6118526105262383,-1.6549072375627727,0.044672178752129504,0.1839,-0.0015,1.0257,0.9994,-0.0046,0.0347,0.0022,0.0416,-0.094,0.0092,-0.0178,0.0416,0.0038,0.0638,-0.0961,0.0315,0.0076,0.0185,-0.0143,-0.0692,0.0969,0.0056,0.0174,0.0568,0.0013,0.0074,-0.0231,-0.0195,-0.1381,-0.036,0.0136,0.001,-0.0132,0.0021,0.0037,-0.0096,-0.0588,0.3744,0.4276,0.2093,-0.2303,0.3078,-0.4885,-1.5811,0.6332,0.7314,-1.0463,-0.4456,-0.3563,-0.3597,1.1295,-1.2134,-0.2537,0.4678,0.0936,-0.1712,0.7453,0.0093,-0.2373,0.8187,0.6846,-1.0025,-0.5127,0.0042,-0.0031,0.3695,-0.061,-1.0,-1.0,-1.0,-1.0,-1.0,-1.0,6.937115531787413,-1.0,-1.0,-1.0,9.102999913344496,-1.0,-1.0,-1.0,-1.0,-1.0,-1.0,7.234676255843494,-1.0,-1.0,-1.0,-1.0,-1.0,-1.0,6.987131751715892,31.192474699010326,8.421983963854002,13.640992587424424,10.318193170397947,9.68422702118961,14.642880187329515,15.027101564089236,27.63151367137098,31.46203665409196,18.22232090713159,84.46224202565847,17.92692395329028,100.0,20.870456529888767,22.100923620014232,-1.0,-1.0,-1.0,-1.0,-1.0,-1.0,-1.0,-1.0,-1.0,-1.0,-1.0,-1.0,-1.0,-1.0,-1.0,-1.0,-1.0,-1.0,-1.0,-1.0,-1.0,-1.0,-1.0,5.68523043412613,2.6118526105262383,-1.0270672375627727
50,0.1,0.2563108768162465,0.19549737669166284,1.1446873550766397,5.68523043412613,2.6118526105262383,-1.6745272375627729,0.044672178752129504,0.1839,-0.0015,1.0256,0.9994,-0.0042,0.0351,0.0024,0.0411,-0.0935,0.0083,-0.0208,0.0429,0.0047,0.0619,-0.0968,0.0308,0.0068,0.0205,-0.0171,-0.0696,0.0977,0.0058,0.017,0.0583,0.0013,0.0069,-0.0214,-0.018,-0.1399,-0.037,0.0137,0.001,-0.0125,0.002,0.0047,-0.0117,-0.0544,0.3664,0.4107,0.2206,-0.2364,0.2924,-0.4625,-1.5175,0.6309,0.4543,-0.9139,-0.3531,-0.3363,-0.4393,0.9718,-1.4384,-0.181,0.3821,0.0858,-0.1964,0.7207,0.007,-0.2354,0.8113,0.7486,-0.9218,-0.5214,0.0218,-0.0054,0.3846,-0.0625,-1.0,-1.0,-1.0,-1.0,-1.0,-1.0,-1.0,-1.0,-1.0,-1.0,8.806786425214224,-1.0,-1.0,-1.0,-1.0,-1.0,-1.0,7.141018692840304,-1.0,-1.0,-1.0,-1.0,-1.0,-1.0,6.729958412206344,27.323736861898063,7.952097611499861,12.776461327648237,9.365525726178609,8.931369572711677,13.01336412685731,14.198483995565773,37.486433116596274,30.741833443216684,18.166976967413625,100.0,16.55624320438322,100.0,22.97170027792751,24.392103396366974,-1.0,-1.0,-1.0,-1.0,-1.0,-1.0,-1.0,-1.0,-1.0,-1.0,-1.0,-1.0,-1.0,-1.0,-1.0,-1.0,-1.0,-1.0,-1.0,-1.0,-1.0,-1.0,-1.0,5.68523043412613,2.6118526105262383,-1.0270672375627727
51,0.102,0.26768133768449875,0.20072108191271532,1.141318680601514,5.68523043412613,2.6118526105262383,-1.6941472375627729,0.044672178752129504,0.1839,-0.0015,1.0255,0.9994,-0.0038,0.0355,0.0026,0.0407,-0.0929,0.0075,-0.0237,0.0441,0.0052,0.0603,-0.0973,0.0302,0.0058,0.0222,-0.0199,-0.0698,0.0983,0.0059,0.0166,0.0596,0.0013,0.0065,-0.0198,-0.0164,-0.1416,-0.0381,0.0138,0.001,-0.0117,0.0018,0.0056,-0.0157,-0.0451,0.333,0.3954,0.2211,-0.2384,0.2734,-0.4066,-1.4503,0.6252,0.2392,-0.8002,-0.2815,-0.2975,-0.5028,0.8781,-1.3988,-0.0985,0.2974,0.0717,-0.2153,0.6934,0.005,-0.2324,0.8013,0.8159,-0.8437,-0.5238,0.0598,-0.0073,0.3966,-0.0637,-1.0,-1.0,-1.0,-1.0,-1.0,-1.0,-1.0,-1.0,-1.0,-1.0,8.461994303908115,-1.0,-1.0,-1.0,-1.0,-1.0,-1.0,7.004331060032789,-1.0,-1.0,-1.0,-1.0,-1.0,-1.0,-1.0,23.316358609637792,7.492787138029528,11.851875499700531,8.540071089991494,8.246336605127334,11.608819136185094,13.228440667002744,54.31254999971039,28.247170938687994,17.580080281328097,100.0,15.070950577066757,100.0,24.441159705378944,25.925069430543623,-1.0,-1.0,-1.0,-1.0,-1.0,-1.0,-1.0,-1.0,-1.0,-1.0,-1.0,-1.0,-1.0,-1.0,-1.0,-1.0,-1.0,-1.0,-1.0,-1.0,-1.0,-1.0,-1.0,5.68523043412613,2.6118526105262383,-1.0270672375627727
52,0.104,0.27905179855275103,0.2059447871337678,1.1379107661263888,5.68523043412613,2.6118526105262383,-1.7137672375627728,0.044672178752129504,0.1839,-0.0016,1.0254,0.9993,-0.0035,0.0359,0.0028,0.0401,-0.0924,0.0068,-0.0264,0.0456,0.0055,0.0589,-0.0978,0.0297,0.0046,0.0237,-0.0224,-0.0698,0.0987,0.006,0.0162,0.061,0.0013,0.006,-0.0183,-0.0147,-0.1432,-0.0391,0.014,0.001,-0.0108,0.0017,0.0065,-0.0201,-0.0398,0.2956,0.3783,0.211,-0.2756,0.2484,-0.3526,-1.3723,0.741,0.1684,-0.7122,-0.2135,-0.2549,-0.5608,0.7552,-1.2322,-0.0098,0.2153,0.0576,-0.2313,0.656,0.003,-0.2289,0.7889,0.8773,-0.7673,-0.5228,0.0933,-0.009,0.407,-0.0646,-1.0,-1.0,-1.0,-1.0,-1.0,-1.0,-1.0,-1.0,-1.0,-1.0,8.083351743642153,-1.0,-1.0,-1.0,-1.0,-1.0,-1.0,6.833283170003274,-1.0,-1.0,-1.0,-1.0,-1.0,-1.0,-1.0,19.78277085749479,7.05511255379713,10.937053824878047,7.8265056873399015,7.630685415822094,10.415341039667872,12.213017958832571,83.64553165066361,24.900131692151163,16.579884580014177,100.0,13.620455004210474,100.0,24.829604746471137,26.206622607519154,-1.0,-1.0,-1.0,-1.0,-1.0,-1.0,-1.0,-1.0,-1.0,-1.0,-1.0,-1.0,-1.0,-1.0,-1.0,-1.0,-1.0,-1.0,-1.0,-1.0,-1.0,-1.0,-1.0,5.68523043412613,2.6118526105262383,-1.0270672375627727
53,0.106,0.2904222594210033,0.21116849235482027,1.134463611651263,5.68523043412613,2.6118526105262383,-1.733387237562773,0.044672178752129504,0.1839,-0.0016,1.0253,0.9993,-0.0033,0.0362,0.003,0.0395,-0.092,0.0062,-0.029,0.0473,0.0057,0.0577,-0.0981,0.0293,0.0034,0.025,-0.0243,-0.0697,0.099,0.0061,0.0157,0.0622,0.0013,0.0056,-0.0167,-0.0128,-0.1445,-0.0401,0.0142,0.001,-0.01,0.0016,0.0073,-0.0245,-0.0353,0.2586,0.3611,0.2019,-0.3094,0.2232,-0.299,-1.2924,0.8358,0.1045,-0.6268,-0.1476,-0.2195,-0.6154,0.6314,-0.9625,0.0747,0.1359,0.044,-0.2455,0.6161,0.0012,-0.2245,0.7743,0.9349,-0.6908,-0.5194,0.1253,-0.0106,0.4147,-0.0651,-1.0,-1.0,-1.0,-1.0,-1.0,-1.0,-1.0,-1.0,-1.0,-1.0,7.69732834194972,-1.0,-1.0,-1.0,-1.0,-1.0,-1.0,-1.0,-1.0,-1.0,-1.0,-1.0,-1.0,-1.0,-1.0,16.8562691190431,-1.0,10.061386083658748,7.205294318348718,7.080773612771971,9.396635559463698,11.207746785684838,100.0,21.43770910266815,15.319133933377794,100.0,12.266363103600751,100.0,23.99906984269438,25.085626344842993,-1.0,-1.0,-1.0,-1.0,-1.0,-1.0,-1.0,-1.0,-1.0,-1.0,-1.0,-1.0,-1.0,-1.0,-1.0,-1.0,-1.0,-1.0,-1.0,-1.0,-1.0,-1.0,-1.0,5.68523043412613,2.6118526105262383,-1.0270672375627727
54,0.108,0.30179272028925547,0.21639219757587272,1.1309772171761376,5.68523043412613,2.6118526105262383,-1.7530072375627728,0.044672178752129504,0.1839,-0.0017,1.0253,0.9993,-0.003,0.0366,0.0032,0.0389,-0.0916,0.0057,-0.0315,0.0488,0.0055,0.0565,-0.0982,0.0289,0.0021,0.0261,-0.0257,-0.0694,0.0991,0.0062,0.0151,0.0633,0.0013,0.0051,-0.0152,-0.0108,-0.1458,-0.0412,0.0146,0.0009,-0.0092,0.0014,0.0084,-0.0283,-0.029,0.2317,0.3444,0.2031,-0.2958,0.208,-0.252,-1.2234,0.7658,-0.0832,-0.5617,-0.0859,-0.1969,-0.666,0.5346,-0.7115,0.1464,0.0601,0.0331,-0.2597,0.582,-0.0007,-0.219,0.7576,0.9893,-0.6116,-0.5149,0.1549,-0.0121,0.4199,-0.0654,-1.0,-1.0,-1.0,-1.0,-1.0,-1.0,-1.0,-1.0,-1.0,-1.0,7.3000906363923415,-1.0,-1.0,-1.0,-1.0,-1.0,-1.0,-1.0,-1.0,-1.0,-1.0,-1.0,-1.0,-1.0,-1.0,14.486019249824368,-1.0,9.24928225524836,-1.0,-1.0,8.530014467167536,10.277626254497335,100.0,18.39266883697726,14.009962001388416,100.0,11.068895394119872,100.0,22.314490809908374,23.07594692405296,-1.0,-1.0,-1.0,-1.0,-1.0,-1.0,-1.0,-1.0,-1.0,-1.0,-1.0,-1.0,-1.0,-1.0,-1.0,-1.0,-1.0,-1.0,-1.0,-1.0,-1.0,-1.0,-1.0,5.68523043412613,2.6118526105262383,-1.0270672375627727
55,0.11,0.31316318115750774,0.2216159027969252,1.127451582701012,5.68523043412613,2.6118526105262383,-1.7726272375627727,0.044672178752129504,0.1839,-0.0017,1.0252,0.9993,-0.0028,0.0369,0.0034,0.0383,-0.0912,0.0053,-0.0338,0.0502,0.005,0.0555,-0.0983,0.0285,0.0007,0.027,-0.0267,-0.0689,0.0991,0.0062,0.0146,0.0644,0.0013,0.0047,-0.0137,-0.0087,-0.1468,-0.0422,0.0149,0.0009,-0.0083,0.0013,0.009,-0.032,-0.0239,0.2059,0.3306,0.2053,-0.2869,0.184,-0.2075,-1.1452,0.6988,-0.2505,-0.5096,-0.0377,-0.1747,-0.7032,0.4511,-0.4799,0.2127,-0.0114,0.0224,-0.2719,0.5411,-0.0024,-0.2131,0.739,1.0396,-0.533,-0.5077,0.1788,-0.0135,0.4225,-0.0654,-1.0,-1.0,-1.0,-1.0,-1.0,-1.0,-1.0,-1.0,-1.0,-1.0,6.919301128729041,-1.0,-1.0,-1.0,-1.0,-1.0,-1.0,-1.0,-1.0,-1.0,-1.0,-1.0,-1.0,-1.0,-1.0,12.605235022029369,-1.0,8.515451841779296,-1.0,-1.0,7.7890638175122495,9.418185824199142,100.0,15.81925705926281,12.707954932222385,100.0,10.01102894185927,100.0,20.07832371751958,20.54720773162063,-1.0,-1.0,-1.0,-1.0,-1.0,-1.0,-1.0,-1.0,-1.0,-1.0,-1.0,-1.0,-1.0,-1.0,-1.0,-1.0,-1.0,-1.0,-1.0,-1.0,-1.0,-1.0,-1.0,5.68523043412613,2.6118526105262383,-1.0270672375627727
56,0.112,0.32453364202576,0.22683960801797767,1.1238867082258863,5.68523043412613,2.6118526105262383,-1.7922472375627727,0.044672178752129504,0.184,-0.0018,1.0252,0.9993,-0.0026,0.0372,0.0036,0.0378,-0.0909,0.0049,-0.0359,0.0515,0.0042,0.0546,-0.0983,0.0282,-0.0008,0.0277,-0.0272,-0.0684,0.0989,0.0062,0.014,0.0654,0.0013,0.0043,-0.0123,-0.0066,-0.1477,-0.0432,0.0153,0.0009,-0.0075,0.0012,0.0096,-0.0356,-0.02,0.1817,0.3161,0.2073,-0.2801,0.1613,-0.166,-1.0671,0.6363,-0.4008,-0.4674,0.0068,-0.1535,-0.7356,0.3792,-0.2668,0.2759,-0.0802,0.0122,-0.2826,0.4984,-0.0041,-0.2065,0.7189,1.0852,-0.455,-0.4983,0.2004,-0.0147,0.4227,-0.0651,-1.0,-1.0,-1.0,-1.0,-1.0,-1.0,-1.0,-1.0,-1.0,-1.0,-1.0,-1.0,-1.0,-1.0,-1.0,-1.0,-1.0,-1.0,-1.0,-1.0,-1.0,-1.0,-1.0,-1.0,-1.0,11.096382461566163,-1.0,7.860927881471458,-1.0,-1.0,7.158235591999006,8.662239143601592,68.00941306403244,13.756875577010609,11.535304660500662,100.0,9.108271262756,64.79888207353562,17.842198475774705,18.111538653609628,-1.0,-1.0,-1.0,-1.0,-1.0,-1.0,-1.0,-1.0,-1.0,-1.0,-1.0,-1.0,-1.0,-1.0,-1.0,-1.0,-1.0,-1.0,-1.0,-1.0,-1.0,-1.0,-1.0,5.68523043412613,2.6118526105262383,-1.0270672375627727
57,0.114,0.3359041028940123,0.23206331323903018,1.1202825937507608,5.68523043412613,2.6118526105262383,-1.811867237562773,0.044672178752129504,0.184,-0.0019,1.0251,0.9993,-0.0025,0.0375,0.0038,0.0372,-0.0906,0.0047,-0.0379,0.0527,0.0032,0.0537,-0.0982,0.028,-0.0023,0.0284,-0.0274,-0.0677,0.0986,0.0063,0.0135,0.0663,0.0013,0.0039,-0.0109,-0.0043,-0.1485,-0.0442,0.0158,0.0009,-0.0066,0.0011,0.0103,-0.0389,-0.017,0.1591,0.3009,0.2091,-0.2747,0.1403,-0.1275,-0.99,0.5779,-0.5365,-0.4332,0.0483,-0.1334,-0.7636,0.3171,-0.0707,0.3361,-0.1463,0.0025,-0.2919,0.4545,-0.0056,-0.1993,0.6972,1.1264,-0.3773,-0.4868,0.2201,-0.0159,0.4208,-0.0646,-1.0,-1.0,-1.0,-1.0,-1.0,-1.0,-1.0,-1.0,-1.0,-1.0,-1.0,-1.0,-1.0,-1.0,-1.0,-1.0,-1.0,-1.0,-1.0,-1.0,-1.0,-1.0,-1.0,-1.0,-1.0,9.873048868353251,-1.0,7.276153790338975,-1.0,-1.0,-1.0,7.977680436034452,45.18099160524601,12.060090355915118,10.45962655646366,67.04914620528916,8.315777773640086,35.12981348580392,15.709531019152964,15.845525631525772,-1.0,-1.0,-1.0,-1.0,-1.0,-1.0,-1.0,-1.0,-1.0,-1.0,-1.0,-1.0,-1.0,-1.0,-1.0,-1.0,-1.0,-1.0,-1.0,-1.0,-1.0,-1.0,-1.0,5.68523043412613,2.6118526105262383,-1.0270672375627727
58,0.116,0.34727456376226457,0.23728701846008265,1.1166392392756355,5.68523043412613,2.6118526105262383,-1.8314872375627727,0.044672178752129504,0.184,-0.002,1.0251,0.9993,-0.0023,0.0378,0.004,0.0367,-0.0903,0.0045,-0.0397,0.0537,0.0018,0.0529,-0.098,0.0277,-0.0039,0.0289,-0.027,-0.0669,0.0982,0.0062,0.0128,0.0672,0.0013,0.0035,-0.0095,-0.002,-0.1491,-0.0451,0.0162,0.0008,-0.0058,0.0009,0.0111,-0.0417,-0.017,0.1459,0.2839,0.2135,-0.2719,0.1228,-0.1008,-0.9152,0.5231,-0.6709,-0.4093,0.0864,-0.1275,-0.7845,0.288,0.1903,0.3896,-0.2092,-0.0043,-0.3011,0.4093,-0.0072,-0.1916,0.6742,1.1612,-0.2992,-0.4743,0.2312,-0.017,0.4167,-0.0639,-1.0,-1.0,-1.0,-1.0,-1.0,-1.0,-1.0,-1.0,-1.0,-1.0,-1.0,-1.0,-1.0,-1.0,-1.0,-1.0,-1.0,-1.0,-1.0,-1.0,-1.0,-1.0,-1.0,-1.0,-1.0,8.859128069863411,-1.0,6.751559383214867,-1.0,-1.0,-1.0,7.372643529322545,32.2025547971763,10.679599854103566,9.516258635050239,37.031334284915935,7.629451614846399,24.044681482650766,13.857911240278659,13.913422431496967,-1.0,-1.0,-1.0,-1.0,-1.0,-1.0,-1.0,-1.0,-1.0,-1.0,-1.0,-1.0,-1.0,-1.0,-1.0,-1.0,-1.0,-1.0,-1.0,-1.0,-1.0,-1.0,-1.0,5.68523043412613,2.6118526105262383,-1.0270672375627727
59,0.118,0.35864502463051684,0.24251072368113513,1.11295664480051,5.68523043412613,2.6118526105262383,-1.8511072375627728,0.044672178752129504,0.184,-0.0021,1.0251,0.9993,-0.0022,0.0381,0.0042,0.0361,-0.0901,0.0043,-0.0414,0.0546,0.0003,0.0521,-0.0978,0.0275,-0.0055,0.0294,-0.0263,-0.0661,0.0977,0.0062,0.0122,0.0679,0.0013,0.0031,-0.0082,0.0004,-0.1495,-0.046,0.0167,0.0008,-0.005,0.0008,0.0118,-0.0448,-0.0154,0.1256,0.2675,0.2149,-0.2687,0.1049,-0.0665,-0.8411,0.4719,-0.7821,-0.3864,0.1236,-0.1082,-0.8055,0.2321,0.3525,0.4438,-0.2702,-0.0132,-0.3075,0.3644,-0.0085,-0.1834,0.6501,1.1938,-0.2226,-0.4588,0.2488,-0.0179,0.411,-0.0629,-1.0,-1.0,-1.0,-1.0,-1.0,-1.0,-1.0,-1.0,-1.0,-1.0,-1.0,-1.0,-1.0,-1.0,-1.0,-1.0,-1.0,-1.0,-1.0,-1.0,-1.0,-1.0,-1.0,-1.0,-1.0,8.02111038554925,-1.0,-1.0,-1.0,-1.0,-1.0,6.837268029117657,24.361727804143502,9.54830030936458,8.691116464931397,25.392045694195264,7.03365246184514,18.290647503031014,12.281389963245731,12.288778005035166,-1.0,-1.0,-1.0,-1.0,-1.0,-1.0,-1.0,-1.0,-1.0,-1.0,-1.0,-1.0,-1.0,-1.0,-1.0,-1.0,-1.0,-1.0,-1.0,-1.0,-1.0,-1.0,-1.0,5.68523043412613,2.6118526105262383,-1.0270672375627727
60,0.12,0.3700154854987691,0.2477344289021876,1.1092348103253842,5.68523043412613,2.6118526105262383,-1.8707272375627728,0.044672178752129504,0.1841,-0.0022,1.025,0.9993,-0.0021,0.0383,0.0044,0.0355,-0.09,0.0043,-0.0429,0.0558,-0.0011,0.0514,-0.0975,0.0273,-0.0071,0.0298,-0.0253,-0.0651,0.097,0.0062,0.0116,0.0685,0.0013,0.0028,-0.007,0.0028,-0.1498,-0.0469,0.0172,0.0007,-0.0042,0.0007,0.0124,-0.0482,-0.0153,0.1028,0.2503,0.209,-0.3023,0.0768,-0.0382,-0.7555,0.5843,-0.6979,-0.3619,0.1569,-0.0847,-0.8213,0.1825,0.5034,0.5011,-0.3289,-0.0221,-0.3118,0.3164,-0.0098,-0.175,0.6251,1.2212,-0.1472,-0.4406,0.2657,-0.0186,0.4037,-0.0618,-1.0,-1.0,-1.0,-1.0,-1.0,-1.0,-1.0,-1.0,-1.0,-1.0,-1.0,-1.0,-1.0,-1.0,-1.0,-1.0,-1.0,-1.0,-1.0,-1.0,-1.0,-1.0,-1.0,-1.0,-1.0,7.322422549831853,-1.0,-1.0,-1.0,-1.0,-1.0,-1.0,19.345161812627296,8.617950556552243,7.976639912171277,19.28463911967983,-1.0,14.779000928353781,10.962366601662893,10.943360006259601,-1.0,-1.0,-1.0,-1.0,-1.0,-1.0,-1.0,-1.0,-1.0,-1.0,-1.0,-1.0,-1.0,-1.0,-1.0,-1.0,-1.0,-1.0,-1.0,-1.0,-1.0,-1.0,-1.0,5.68523043412613,2.6118526105262383,-1.0270672375627727
61,0.122,0.3813859463670213,0.2529581341232401,1.1054737358502587,5.68523043412613,2.6118526105262383,-1.8903472375627728,0.044672178752129504,0.1841,-0.0023,1.025,0.9992,-0.002,0.0386,0.0046,0.0349,-0.0899,0.0042,-0.0442,0.0572,-0.0024,0.0507,-0.0971,0.0272,-0.0088,0.03,-0.024,-0.0639,0.0963,0.0061,0.011,0.069,0.0012,0.0025,-0.0058,0.0053,-0.15,-0.0478,0.0178,0.0007,-0.0034,0.0006,0.0115,-0.0515,-0.016,0.0814,0.2426,0.2013,-0.3255,0.024,-0.0118,-0.6472,0.6742,-0.6215,-0.3388,0.1601,-0.0632,-0.8055,0.1286,0.6447,0.5544,-0.3809,-0.0289,-0.3156,0.2582,-0.0111,-0.167,0.5992,1.2445,-0.071,-0.421,0.2702,-0.0194,0.3941,-0.0604,-1.0,-1.0,-1.0,-1.0,-1.0,-1.0,-1.0,-1.0,-1.0,-1.0,-1.0,-1.0,-1.0,-1.0,-1.0,-1.0,-1.0,-1.0,-1.0,-1.0,-1.0,-1.0,-1.0,-1.0,-1.0,6.721592138514385,-1.0,-1.0,-1.0,-1.0,-1.0,-1.0,15.873981996483085,7.828132883490071,7.3448677534493045,15.477727865369566,-1.0,12.375715546818157,9.841241579004791,9.80634927981525,-1.0,-1.0,-1.0,-1.0,-1.0,-1.0,-1.0,-1.0,-1.0,-1.0,-1.0,-1.0,-1.0,-1.0,-1.0,-1.0,-1.0,-1.0,-1.0,-1.0,-1.0,-1.0,-1.0,5.68523043412613,2.6118526105262383,-1.0270672375627727
62,0.124,0.3927564072352736,0.2581818393442925,1.1016734213751334,5.68523043412613,2.6118526105262383,-1.9099672375627728,0.044672178752129504,0.1841,-0.0024,1.025,0.9992,-0.0019,0.0388,0.0048,0.0342,-0.0899,0.0042,-0.0454,0.0583,-0.0034,0.0501,-0.0968,0.0271,-0.0104,0.0302,-0.0226,-0.0628,0.0954,0.0061,0.0103,0.0695,0.0012,0.0021,-0.0047,0.0079,-0.1499,-0.0486,0.0184,0.0007,-0.0026,0.0004,0.0118,-0.0538,-0.0102,0.0787,0.2308,0.2074,-0.3144,0.0106,-0.0097,-0.5881,0.5691,-0.522,-0.3332,0.181,-0.0603,-0.8091,0.0852,0.6969,0.5925,-0.4311,-0.0313,-0.3208,0.2255,-0.0123,-0.1575,0.5726,1.2648,0.0106,-0.4019,0.2835,-0.02,0.3837,-0.059,-1.0,-1.0,-1.0,-1.0,-1.0,-1.0,-1.0,-1.0,-1.0,-1.0,-1.0,-1.0,-1.0,-1.0,-1.0,-1.0,-1.0,-1.0,-1.0,-1.0,-1.0,-1.0,-1.0,-1.0,-1.0,-1.0,-1.0,-1.0,-1.0,-1.0,-1.0,-1.0,13.40424001897575,7.163661623966899,6.796137288043907,12.91950161317553,-1.0,10.64859778930942,8.903222012913224,8.860243896766972,-1.0,-1.0,-1.0,-1.0,-1.0,-1.0,-1.0,-1.0,-1.0,-1.0,-1.0,-1.0,-1.0,-1.0,-1.0,-1.0,-1.0,-1.0,-1.0,-1.0,-1.0,-1.0,-1.0,5.68523043412613,2.6118526105262383,-1.0270672375627727
63,0.126,0.4041268681035258,0.26340554456534504,1.0978338669000076,5.68523043412613,2.6118526105262383,-1.9295872375627727,0.044672178752129504,0.1841,-0.0025,1.025,0.9992,-0.0018,0.039,0.005,0.0336,-0.0899,0.0042,-0.0464,0.0592,-0.0042,0.0494,-0.0964,0.027,-0.012,0.0303,-0.0211,-0.0615,0.0944,0.006,0.0097,0.0699,0.0012,0.0018,-0.0036,0.0104,-0.1498,-0.0493,0.019,0.0006,-0.0019,0.0003,0.0126,-0.0563,-0.0058,0.0733,0.2144,0.2133,-0.3061,0.0093,-0.0062,-0.5386,0.4617,-0.3752,-0.3301,0.2107,-0.0532,-0.8195,0.0496,0.7433,0.629,-0.4805,-0.0348,-0.3238,0.1934,-0.0133,-0.1477,0.5455,1.2812,0.0898,-0.3805,0.2999,-0.0205,0.3723,-0.0573,-1.0,-1.0,-1.0,-1.0,-1.0,-1.0,-1.0,-1.0,-1.0,-1.0,-1.0,-1.0,-1.0,-1.0,-1.0,-1.0,-1.0,-1.0,-1.0,-1.0,-1.0,-1.0,-1.0,-1.0,-1.0,-1.0,-1.0,-1.0,-1.0,-1.0,-1.0,-1.0,11.55804363924597,-1.0,-1.0,11.07514990297586,-1.0,9.341908337848942,8.106091835300846,8.059128365742117,-1.0,-1.0,-1.0,-1.0,-1.0,-1.0,-1.0,-1.0,-1.0,-1.0,-1.0,-1.0,-1.0,-1.0,-1.0,-1.0,-1.0,-1.0,-1.0,-1.0,-1.0,-1.0,-1.0,5.68523043412613,2.6118526105262383,-1.0270672375627727
64,0.128,0.41549732897177816,0.26862924978639746,1.093955072424882,5.68523043412613,2.6118526105262383,-1.949207237562773,0.044672178752129504,0.1842,-0.0026,1.025,0.9992,-0.0018,0.0392,0.0053,0.033,-0.0899,0.0042,-0.0474,0.06,-0.0046,0.0488,-0.0959,0.0269,-0.0137,0.0305,-0.02,-0.0602,0.0934,0.0059,0.009,0.0702,0.0012,0.0016,-0.0025,0.013,-0.1494,-0.05,0.0196,0.0006,-0.0012,0.0002,0.0134,-0.0593,-0.0011,0.0542,0.1979,0.2137,-0.2992,0.0046,0.013,-0.4834,0.3733,-0.1992,-0.3222,0.2257,-0.0188,-0.8191,0.1166,0.5565,0.6685,-0.5284,-0.0427,-0.3232,0.1572,-0.0141,-0.1379,0.5181,1.2958,0.1646,-0.3554,0.3238,-0.0208,0.3602,-0.0556,-1.0,-1.0,-1.0,-1.0,-1.0,-1.0,-1.0,-1.0,-1.0,-1.0,-1.0,-1.0,-1.0,-1.0,-1.0,-1.0,-1.0,-1.0,-1.0,-1.0,-1.0,-1.0,-1.0,-1.0,-1.0,-1.0,-1.0,-1.0,-1.0,-1.0,-1.0,-1.0,10.142100719121292,-1.0,-1.0,9.692450873382242,-1.0,8.324859917005913,7.427689298438233,7.3795916990563395,-1.0,-1.0,-1.0,-1.0,-1.0,-1.0,-1.0,-1.0,-1.0,-1.0,-1.0,-1.0,-1.0,-1.0,-1.0,-1.0,-1.0,-1.0,-1.0,-1.0,-1.0,-1.0,-1.0,5.68523043412613,2.6118526105262383,-1.0270672375627727
65,0.13,0.4268677898400304,0.27385295500745,1.0900370379497566,5.68523043412613,2.6118526105262383,-1.9688272375627727,0.044672178752129504,0.1842,-0.0027,1.025,0.9992,-0.0017,0.0394,0.0055,0.0324,-0.0899,0.0043,-0.0483,0.0606,-0.0046,0.0481,-0.0954,0.0269,-0.0153,0.0308,-0.0195,-0.0588,0.0922,0.0058,0.0084,0.0704,0.0011,0.0013,-0.0015,0.0156,-0.149,-0.0507,0.0203,0.0005,-0.0005,0.0001,0.0143,-0.0612,-0.0006,0.05,0.1798,0.2196,-0.2972,0.003,0.0128,-0.4309,0.2936,-0.0199,-0.3187,0.2444,0.0025,-0.8155,0.1507,0.274,0.6984,-0.5727,-0.0468,-0.3239,0.1192,-0.015,-0.1282,0.4904,1.3031,0.2392,-0.3308,0.3332,-0.0211,0.3464,-0.0537,-1.0,-1.0,-1.0,-1.0,-1.0,-1.0,-1.0,-1.0,-1.0,-1.0,-1.0,-1.0,-1.0,-1.0,-1.0,-1.0,-1.0,-1.0,-1.0,-1.0,-1.0,-1.0,-1.0,-1.0,-1.0,-1.0,-1.0,-1.0,-1.0,-1.0,-1.0,-1.0,9.020286364226655,-1.0,-1.0,8.610527377891712,-1.0,7.504441119161381,6.844033531246319,6.7960680507800735,-1.0,-1.0,-1.0,-1.0,-1.0,-1.0,-1.0,-1.0,-1.0,-1.0,-1.0,-1.0,-1.0,-1.0,-1.0,-1.0,-1.0,-1.0,-1.0,-1.0,-1.0,-1.0,-1.0,5.68523043412613,2.6118526105262383,-1.0270672375627727
66,0.132,0.4382382507082827,0.27907666022850247,1.086079763474631,5.68523043412613,2.6118526105262383,-1.9884472375627729,0.044672178752129504,0.1842,-0.0028,1.025,0.9992,-0.0017,0.0395,0.0057,0.0318,-0.0899,0.0043,-0.049,0.061,-0.0043,0.0475,-0.0949,0.027,-0.0169,0.0312,-0.0194,-0.0573,0.091,0.0057,0.0077,0.0706,0.0011,0.0011,-0.0006,0.0182,-0.1483,-0.0513,0.0209,0.0005,0.0002,0.0,0.0151,-0.063,-0.0008,0.0467,0.1616,0.2259,-0.2968,0.0015,0.0117,-0.3794,0.2226,0.1455,-0.3174,0.2617,0.0214,-0.8078,0.1782,0.0195,0.7249,-0.6145,-0.0506,-0.3233,0.0807,-0.0157,-0.1185,0.4625,1.3067,0.3124,-0.3049,0.3408,-0.0212,0.3299,-0.0517,-1.0,-1.0,-1.0,-1.0,-1.0,-1.0,-1.0,-1.0,-1.0,-1.0,-1.0,-1.0,-1.0,-1.0,-1.0,-1.0,-1.0,-1.0,-1.0,-1.0,-1.0,-1.0,-1.0,-1.0,-1.0,-1.0,-1.0,-1.0,-1.0,-1.0,-1.0,-1.0,8.110603402639649,-1.0,-1.0,7.741825591516719,-1.0,6.829502466071996,-1.0,-1.0,-1.0,-1.0,-1.0,-1.0,-1.0,-1.0,-1.0,-1.0,-1.0,-1.0,-1.0,-1.0,-1.0,-1.0,-1.0,-1.0,-1.0,-1.0,-1.0,-1.0,-1.0,-1.0,-1.0,5.68523043412613,2.6118526105262383,-1.0270672375627727
67,0.134,0.4496087115765349,0.28430036544955495,1.0820832489995054,5.68523043412613,2.6118526105262383,-2.0080672375627726,0.044672178752129504,0.1842,-0.003,1.025,0.9992,-0.0016,0.0397,0.0059,0.0313,-0.0899,0.0043,-0.0497,0.0613,-0.0037,0.0467,-0.0944,0.027,-0.0184,0.032,-0.0195,-0.0558,0.0897,0.0056,0.0071,0.0707,0.0011,0.0009,0.0002,0.0208,-0.1476,-0.0519,0.0216,0.0005,0.0008,-0.0001,0.0162,-0.0636,-0.0051,0.0596,0.1417,0.2292,-0.2917,0.0004,-0.0107,-0.3227,0.1529,0.3195,-0.3866,0.2391,0.0087,-0.7518,0.3968,-0.0167,0.7486,-0.6504,-0.0498,-0.3241,0.0398,-0.0166,-0.109,0.4346,1.3033,0.3862,-0.2796,0.3325,-0.0215,0.3125,-0.0496,-1.0,-1.0,-1.0,-1.0,-1.0,-1.0,-1.0,-1.0,-1.0,-1.0,-1.0,-1.0,-1.0,-1.0,-1.0,-1.0,-1.0,-1.0,-1.0,-1.0,-1.0,-1.0,-1.0,-1.0,-1.0,-1.0,-1.0,-1.0,-1.0,-1.0,-1.0,-1.0,7.362896002844984,-1.0,-1.0,7.030983317229433,-1.0,-1.0,-1.0,-1.0,-1.0,-1.0,-1.0,-1.0,-1.0,-1.0,-1.0,-1.0,-1.0,-1.0,-1.0,-1.0,-1.0,-1.0,-1.0,-1.0,-1.0,-1.0,-1.0,-1.0,-1.0,-1.0,-1.0,5.68523043412613,2.6118526105262383,-1.0270672375627727
68,0.136,0.46097917244478726,0.2895240706706074,1.0780474945243799,5.68523043412613,2.6118526105262383,-2.027687237562773,0.044672178752129504,0.1843,-0.0031,1.0249,0.9992,-0.0015,0.0398,0.0062,0.0307,-0.0899,0.0042,-0.0502,0.0614,-0.0028,0.0458,-0.094,0.027,-0.0198,0.0331,-0.0195,-0.0543,0.0883,0.0055,0.0065,0.0707,0.001,0.0007,0.0011,0.0234,-0.1466,-0.0524,0.0223,0.0004,0.0014,-0.0002,0.0174,-0.0639,-0.0077,0.0788,0.1214,0.2357,-0.2877,0.0078,-0.0385,-0.2792,0.0661,0.4279,-0.4519,0.2237,-0.0118,-0.7017,0.583,-0.0477,0.7665,-0.6841,-0.0476,-0.3245,0.0064,-0.0173,-0.0994,0.4067,1.2964,0.4604,-0.2539,0.326,-0.0217,0.2947,-0.0475,-1.0,-1.0,-1.0,-1.0,-1.0,-1.0,-1.0,-1.0,-1.0,-1.0,-1.0,-1.0,-1.0,-1.0,-1.0,-1.0,-1.0,-1.0,-1.0,-1.0,-1.0,-1.0,-1.0,-1.0,-1.0,-1.0,-1.0,-1.0,-1.0,-1.0,-1.0,-1.0,6.74160963283465,-1.0,-1.0,-1.0,-1.0,-1.0,-1.0,-1.0,-1.0,-1.0,-1.0,-1.0,-1.0,-1.0,-1.0,-1.0,-1.0,-1.0,-1.0,-1.0,-1.0,-1.0,-1.0,-1.0,-1.0,-1.0,-1.0,-1.0,-1.0,-1.0,-1.0,5.68523043412613,2.6118526105262383,-1.0270672375627727
69,0.138,0.4723496333130395,0.2947477758916599,1.0739725000492544,5.68523043412613,2.6118526105262383,-2.047307237562773,0.044672178752129504,0.1843,-0.0032,1.0249,0.9992,-0.0014,0.0399,0.0064,0.0301,-0.0898,0.0041,-0.0507,0.0614,-0.0018,0.0449,-0.0935,0.027,-0.0212,0.0342,-0.0201,-0.0527,0.0869,0.0054,0.0058,0.0706,0.001,0.0005,0.0018,0.026,-0.1456,-0.0528,0.0229,0.0004,0.002,-0.0003,0.0178,-0.0654,-0.0065,0.0785,0.1055,0.2458,-0.2914,0.0047,-0.0403,-0.231,-0.0069,0.5105,-0.4319,0.2444,0.0035,-0.6916,0.5108,-0.2885,0.7815,-0.7188,-0.051,-0.3206,-0.027,-0.0177,-0.0899,0.3791,1.2906,0.5303,-0.2243,0.3355,-0.0215,0.277,-0.0453,-1.0,-1.0,-1.0,-1.0,-1.0,-1.0,-1.0,-1.0,-1.0,-1.0,-1.0,-1.0,-1.0,-1.0,-1.0,-1.0,-1.0,-1.0,-1.0,-1.0,-1.0,-1.0,-1.0,-1.0,-1.0,-1.0,-1.0,-1.0,-1.0,-1.0,-1.0,-1.0,-1.0,-1.0,-1.0,-1.0,-1.0,-1.0,-1.0,-1.0,-1.0,-1.0,-1.0,-1.0,-1.0,-1.0,-1.0,-1.0,-1.0,-1.0,-1.0,-1.0,-1.0,-1.0,-1.0,-1.0,-1.0,-1.0,-1.0,-1.0,-1.0,-1.0,-1.0,5.68523043412613,2.6118526105262383,-1.0270672375627727
70,0.14,0.4837200941812917,0.2999714811127123,1.0698582655741287,5.68523043412613,2.6118526105262383,-2.0669272375627727,0.044672178752129504,0.1844,-0.0034,1.0249,0.9992,-0.0013,0.04,0.0067,0.0295,-0.0898,0.004,-0.0511,0.0613,-0.0007,0.0441,-0.0929,0.027,-0.0225,0.0351,-0.0211,-0.0511,0.0854,0.0053,0.0052,0.0705,0.001,0.0003,0.0025,0.0286,-0.1444,-0.0532,0.0236,0.0003,0.0025,-0.0004,0.0182,-0.0664,-0.0048,0.0838,0.09,0.2572,-0.2967,0.0037,-0.047,-0.1883,-0.0766,0.5402,-0.4179,0.2619,0.0096,-0.6771,0.4481,-0.497,0.792,-0.7505,-0.0528,-0.3166,-0.0571,-0.0181,-0.0805,0.3517,1.2811,0.6001,-0.1944,0.3426,-0.0214,0.2589,-0.043,-1.0,-1.0,-1.0,-1.0,-1.0,-1.0,-1.0,-1.0,-1.0,-1.0,-1.0,-1.0,-1.0,-1.0,-1.0,-1.0,-1.0,-1.0,-1.0,-1.0,-1.0,-1.0,-1.0,-1.0,-1.0,-1.0,-1.0,-1.0,-1.0,-1.0,-1.0,-1.0,-1.0,-1.0,-1.0,-1.0,-1.0,-1.0,-1.0,-1.0,-1.0,-1.0,-1.0,-1.0,-1.0,-1.0,-1.0,-1.0,-1.0,-1.0,-1.0,-1.0,-1.0,-1.0,-1.0,-1.0,-1.0,-1.0,-1.0,-1.0,-1.0,-1.0,-1.0,5.68523043412613,2.6118526105262383,-1.0270672375627727
71,0.142,0.4950905550495439,0.30519518633376486,1.0657047910990032,5.68523043412613,2.6118526105262383,-2.0865472375627725,0.044672178752129504,0.1844,-0.0035,1.0249,0.9992,-0.0012,0.0401,0.0069,0.0289,-0.0898,0.0039,-0.0514,0.061,0.0004,0.0433,-0.0924,0.027,-0.0239,0.0358,-0.0225,-0.0495,0.0838,0.0052,0.0046,0.0703,0.0009,0.0002,0.0032,0.0311,-0.143,-0.0535,0.0243,0.0003,0.003,-0.0004,0.0186,-0.0674,-0.0037,0.0898,0.0744,0.268,-0.3023,0.0035,-0.0544,-0.1469,-0.1384,0.5683,-0.4077,0.2772,0.0137,-0.6589,0.393,-0.684,0.8003,-0.7797,-0.0545,-0.3117,-0.0876,-0.0185,-0.0695,0.3248,1.2683,0.668,-0.1636,0.3481,-0.0211,0.2407,-0.0407,-1.0,-1.0,-1.0,-1.0,-1.0,-1.0,-1.0,-1.0,-1.0,-1.0,-1.0,-1.0,-1.0,-1.0,-1.0,-1.0,-1.0,-1.0,-1.0,-1.0,-1.0,-1.0,-1.0,-1.0,-1.0,-1.0,-1.0,-1.0,-1.0,-1.0,-1.0,-1.0,-1.0,-1.0,-1.0,-1.0,-1.0,-1.0,-1.0,-1.0,-1.0,-1.0,-1.0,-1.0,-1.0,-1.0,-1.0,-1.0,-1.0,-1.0,-1.0,-1.0,-1.0,-1.0,-1.0,-1.0,-1.0,-1.0,-1.0,-1.0,-1.0,-1.0,-1.0,5.68523043412613,2.6118526105262383,-1.0270672375627727
72,0.144,0.5064610159177962,0.31041889155481733,1.0615120766238777,5.68523043412613,2.6118526105262383,-2.106167237562773,0.044672178752129504,0.1844,-0.0036,1.0249,0.9992,-0.0011,0.0401,0.0072,0.0283,-0.0898,0.0038,-0.0516,0.0608,0.0013,0.0425,-0.0918,0.027,-0.0251,0.0365,-0.0242,-0.0479,0.0822,0.0051,0.0039,0.0701,0.0009,0.0001,0.0038,0.0336,-0.1416,-0.0538,0.025,0.0002,0.0034,-0.0005,0.0189,-0.0676,-0.0014,0.1036,0.0593,0.2809,-0.3075,-0.0036,-0.0641,-0.1056,-0.1171,0.4272,-0.4023,0.2901,0.006,-0.6374,0.3445,-0.8417,0.8033,-0.8057,-0.0545,-0.307,-0.1126,-0.0187,-0.0587,0.2983,1.2519,0.7359,-0.133,0.3517,-0.0208,0.2223,-0.0383,-1.0,-1.0,-1.0,-1.0,-1.0,-1.0,-1.0,-1.0,-1.0,-1.0,-1.0,-1.0,-1.0,-1.0,-1.0,-1.0,-1.0,-1.0,-1.0,-1.0,-1.0,-1.0,-1.0,-1.0,-1.0,-1.0,-1.0,-1.0,-1.0,-1.0,-1.0,-1.0,-1.0,-1.0,-1.0,-1.0,-1.0,-1.0,-1.0,-1.0,-1.0,-1.0,-1.0,-1.0,-1.0,-1.0,-1.0,-1.0,-1.0,-1.0,-1.0,-1.0,-1.0,-1.0,-1.0,-1.0,-1.0,-1.0,-1.0,-1.0,-1.0,-1.0,-1.0,5.68523043412613,2.6118526105262383,-1.0270672375627727
73,0.146,0.5178314767860485,0.3156425967758698,1.057280122148752,5.68523043412613,2.6118526105262383,-2.125787237562773,0.044672178752129504,0.1845,-0.0038,1.0249,0.9992,-0.001,0.0402,0.0075,0.0277,-0.0899,0.0037,-0.0517,0.0605,0.0017,0.0417,-0.0912,0.0271,-0.0264,0.0371,-0.0262,-0.0463,0.0806,0.005,0.0033,0.0698,0.0008,0.0,0.0043,0.0361,-0.14,-0.054,0.0257,0.0002,0.0038,-0.0006,0.0195,-0.0682,-0.0025,0.1073,0.0423,0.2894,-0.3088,-0.0089,-0.0576,-0.0589,-0.1199,0.2076,-0.3965,0.3032,0.011,-0.6142,0.3004,-1.0017,0.8087,-0.8304,-0.0578,-0.2997,-0.146,-0.0189,-0.0487,0.2723,1.2333,0.7981,-0.1001,0.3552,-0.0203,0.204,-0.0359,-1.0,-1.0,-1.0,-1.0,-1.0,-1.0,-1.0,-1.0,-1.0,-1.0,-1.0,-1.0,-1.0,-1.0,-1.0,-1.0,-1.0,-1.0,-1.0,-1.0,-1.0,-1.0,-1.0,-1.0,-1.0,-1.0,-1.0,-1.0,-1.0,-1.0,-1.0,-1.0,-1.0,-1.0,-1.0,-1.0,-1.0,-1.0,-1.0,-1.0,-1.0,-1.0,-1.0,-1.0,-1.0,-1.0,-1.0,-1.0,-1.0,-1.0,-1.0,-1.0,-1.0,-1.0,-1.0,-1.0,-1.0,-1.0,-1.0,-1.0,-1.0,-1.0,-1.0,5.68523043412613,2.6118526105262383,-1.0270672375627727
74,0.148,0.5292019376543008,0.3208663019969223,1.0530089276736265,5.68523043412613,2.6118526105262383,-2.1454072375627726,0.044672178752129504,0.1845,-0.0039,1.0249,0.9992,-0.0009,0.0402,0.0078,0.0271,-0.09,0.0035,-0.0515,0.0602,0.0018,0.0409,-0.0907,0.0271,-0.0273,0.0376,-0.0285,-0.0447,0.0789,0.0048,0.0028,0.0695,0.0008,-0.0001,0.0048,0.0385,-0.1383,-0.0541,0.0264,0.0002,0.0042,-0.0007,0.0178,-0.0672,-0.0031,0.1202,0.0274,0.2899,-0.2943,-0.073,-0.0681,0.0974,-0.1722,0.04,-0.3768,0.2615,0.0012,-0.4918,0.2183,-1.1598,0.8086,-0.8489,-0.0584,-0.2912,-0.1754,-0.019,-0.0391,0.2462,1.2008,0.8602,-0.066,0.3578,-0.0198,0.1853,-0.0334,-1.0,-1.0,-1.0,-1.0,-1.0,-1.0,-1.0,-1.0,-1.0,-1.0,-1.0,-1.0,-1.0,-1.0,-1.0,-1.0,-1.0,-1.0,-1.0,-1.0,-1.0,-1.0,-1.0,-1.0,-1.0,-1.0,-1.0,-1.0,-1.0,-1.0,-1.0,-1.0,-1.0,-1.0,-1.0,-1.0,-1.0,-1.0,-1.0,-1.0,-1.0,-1.0,-1.0,-1.0,-1.0,-1.0,-1.0,-1.0,-1.0,-1.0,-1.0,-1.0,-1.0,-1.0,-1.0,-1.0,-1.0,-1.0,-1.0,-1.0,-1.0,-1.0,-1.0,5.68523043412613,2.6118526105262383,-1.0270672375627727
75,0.15,0.540572398522553,0.32609000721797476,1.048698493198501,5.68523043412613,2.6118526105262383,-2.165027237562773,0.044672178752129504,0.1845,-0.004,1.0249,0.9992,-0.0007,0.0402,0.008,0.0265,-0.0903,0.0034,-0.051,0.06,0.0018,0.0402,-0.0902,0.0271,-0.0281,0.0378,-0.0311,-0.0431,0.0771,0.0047,0.0022,0.069,0.0008,-0.0002,0.0052,0.0408,-0.1364,-0.0542,0.0272,0.0001,0.0045,-0.0007,0.0165,-0.067,-0.0072,0.1203,0.0094,0.2836,-0.3045,-0.1427,-0.067,0.2593,-0.0666,0.0155,-0.3557,0.2251,0.0084,-0.3758,0.1421,-1.3261,0.8137,-0.8667,-0.0624,-0.28,-0.2135,-0.0189,-0.0307,0.2209,1.1668,0.9163,-0.0297,0.3609,-0.0191,0.1671,-0.0308,-1.0,-1.0,-1.0,-1.0,-1.0,-1.0,-1.0,-1.0,-1.0,-1.0,-1.0,-1.0,-1.0,-1.0,-1.0,-1.0,-1.0,-1.0,-1.0,-1.0,-1.0,-1.0,-1.0,-1.0,-1.0,-1.0,-1.0,-1.0,-1.0,-1.0,-1.0,-1.0,-1.0,-1.0,-1.0,-1.0,-1.0,-1.0,-1.0,-1.0,-1.0,-1.0,-1.0,-1.0,-1.0,-1.0,-1.0,-1.0,-1.0,-1.0,-1.0,-1.0,-1.0,-1.0,-1.0,-1.0,-1.0,-1.0,-1.0,-1.0,-1.0,-1.0,-1.0,5.68523043412613,2.6118526105262383,-1.0270672375627727
76,0.152,0.5519428593908053,0.33131371243902724,1.0443488187233754,5.68523043412613,2.6118526105262383,-2.184647237562773,0.044672178752129504,0.1846,-0.0042,1.0249,0.9992,-0.0006,0.0402,0.0083,0.0259,-0.0907,0.0033,-0.0502,0.0598,0.0015,0.0395,-0.0899,0.0271,-0.0286,0.038,-0.0329,-0.0415,0.0754,0.0046,0.0017,0.0686,0.0007,-0.0002,0.0056,0.0431,-0.1345,-0.0542,0.0279,0.0001,0.0048,-0.0008,0.0156,-0.0677,-0.0044,0.1179,-0.006,0.2839,-0.2973,-0.1846,-0.0568,0.3773,-0.1408,-0.1253,-0.3562,0.1918,-0.0085,-0.2701,0.0675,-0.8594,0.8119,-0.8816,-0.0651,-0.2681,-0.2395,-0.0188,-0.0223,0.1964,1.135,0.9748,0.0071,0.3751,-0.0183,0.1496,-0.0283,-1.0,-1.0,-1.0,-1.0,-1.0,-1.0,-1.0,-1.0,-1.0,-1.0,-1.0,-1.0,-1.0,-1.0,-1.0,-1.0,-1.0,-1.0,-1.0,-1.0,-1.0,-1.0,-1.0,-1.0,-1.0,-1.0,-1.0,-1.0,-1.0,-1.0,-1.0,-1.0,-1.0,-1.0,-1.0,-1.0,-1.0,-1.0,-1.0,-1.0,-1.0,-1.0,-1.0,-1.0,-1.0,-1.0,-1.0,-1.0,-1.0,-1.0,-1.0,-1.0,-1.0,-1.0,-1.0,-1.0,-1.0,-1.0,-1.0,-1.0,-1.0,-1.0,-1.0,5.68523043412613,2.6118526105262383,-1.0270672375627727
77,0.154,0.5633133202590574,0.33653741766007966,1.03995990424825,5.68523043412613,2.6118526105262383,-2.2042672375627728,0.044672178752129504,0.1846,-0.0043,1.0249,0.9992,-0.0005,0.0402,0.0086,0.0253,-0.0911,0.0032,-0.0493,0.0594,0.001,0.0388,-0.0895,0.027,-0.029,0.038,-0.0337,-0.0398,0.0736,0.0045,0.0012,0.068,0.0007,-0.0002,0.006,0.0453,-0.1324,-0.0541,0.0287,0.0001,0.0051,-0.0008,0.0149,-0.0682,-0.0028,0.117,-0.0225,0.2883,-0.2985,-0.216,-0.0488,0.4774,-0.2038,-0.2504,-0.36,0.1636,-0.0258,-0.1713,0.0014,-0.4369,0.8046,-0.8947,-0.0673,-0.2563,-0.2654,-0.0186,-0.0145,0.1729,1.1018,1.031,0.0436,0.3856,-0.0175,0.1325,-0.0258,-1.0,-1.0,-1.0,-1.0,-1.0,-1.0,-1.0,-1.0,-1.0,-1.0,-1.0,-1.0,-1.0,-1.0,-1.0,-1.0,-1.0,-1.0,-1.0,-1.0,-1.0,-1.0,-1.0,-1.0,-1.0,-1.0,-1.0,-1.0,-1.0,-1.0,-1.0,-1.0,-1.0,-1.0,-1.0,-1.0,-1.0,-1.0,-1.0,-1.0,-1.0,-1.0,-1.0,-1.0,-1.0,-1.0,-1.0,-1.0,-1.0,-1.0,-1.0,-1.0,-1.0,-1.0,-1.0,-1.0,-1.0,-1.0,-1.0,-1.0,-1.0,-1.0,-1.0,5.68523043412613,2.6118526105262383,-1.0270672375627727
78,0.156,0.5746837811273098,0.34176112288113214,1.0355317497731245,5.68523043412613,2.6118526105262383,-2.2238872375627725,0.044672178752129504,0.1846,-0.0044,1.0249,0.9992,-0.0003,0.0402,0.0089,0.0247,-0.0916,0.0031,-0.0481,0.0588,0.0003,0.0381,-0.0892,0.0269,-0.0291,0.0379,-0.0338,-0.0383,0.0718,0.0043,0.0007,0.0674,0.0007,-0.0003,0.0063,0.0474,-0.1302,-0.0539,0.0295,0.0,0.0053,-0.0009,0.0145,-0.0686,-0.0022,0.1174,-0.0401,0.2967,-0.3068,-0.2377,-0.0426,0.5606,-0.2567,-0.3616,-0.3669,0.1404,-0.0434,-0.0793,-0.0575,-0.0533,0.7922,-0.906,-0.0693,-0.2446,-0.291,-0.0183,-0.0073,0.1502,1.0674,1.0848,0.0796,0.3929,-0.0166,0.1158,-0.0234,-1.0,-1.0,-1.0,-1.0,-1.0,-1.0,-1.0,-1.0,-1.0,-1.0,-1.0,-1.0,-1.0,-1.0,-1.0,-1.0,-1.0,-1.0,-1.0,-1.0,-1.0,-1.0,-1.0,-1.0,-1.0,-1.0,-1.0,-1.0,-1.0,-1.0,-1.0,-1.0,-1.0,-1.0,-1.0,-1.0,-1.0,-1.0,-1.0,-1.0,-1.0,-1.0,-1.0,-1.0,-1.0,-1.0,-1.0,-1.0,-1.0,-1.0,-1.0,-1.0,-1.0,-1.0,-1.0,-1.0,-1.0,-1.0,-1.0,-1.0,-1.0,-1.0,-1.0,5.68523043412613,2.6118526105262383,-1.0270672375627727
79,0.158,0.586054241995562,0.3469848281021846,1.031064355297999,5.68523043412613,2.6118526105262383,-2.2435072375627727,0.044672178752129504,0.1847,-0.0046,1.0249,0.9992,-0.0002,0.0401,0.0092,0.024,-0.0921,0.003,-0.0469,0.0582,-0.0006,0.0373,-0.089,0.0268,-0.0291,0.0376,-0.0333,-0.0367,0.0699,0.0042,0.0002,0.0668,0.0006,-0.0003,0.0065,0.0495,-0.128,-0.0537,0.0303,0.0,0.0055,-0.0009,0.0144,-0.0688,-0.0024,0.1189,-0.0585,0.3087,-0.3214,-0.2503,-0.0381,0.6278,-0.3001,-0.4607,-0.3771,0.1219,-0.0611,0.0061,-0.1105,0.296,0.7753,-0.9157,-0.071,-0.233,-0.316,-0.0181,-0.0006,0.1285,1.0321,1.1362,0.1151,0.3973,-0.0158,0.0995,-0.021,-1.0,-1.0,-1.0,-1.0,-1.0,-1.0,-1.0,-1.0,-1.0,-1.0,-1.0,-1.0,-1.0,-1.0,-1.0,-1.0,-1.0,-1.0,-1.0,-1.0,-1.0,-1.0,-1.0,-1.0,-1.0,-1.0,-1.0,-1.0,-1.0,-1.0,-1.0,-1.0,-1.0,-1.0,-1.0,-1.0,-1.0,-1.0,-1.0,-1.0,-1.0,-1.0,-1.0,-1.0,-1.0,-1.0,-1.0,-1.0,-1.0,-1.0,-1.0,-1.0,-1.0,-1.0,-1.0,-1.0,-1.0,-1.0,-1.0,-1.0,-1.0,-1.0,-1.0,5.68523043412613,2.6118526105262383,-1.0270672375627727
80,0.16,0.5974247028638143,0.35220853332323715,1.0265577208228733,5.68523043412613,2.6118526105262383,-2.263127237562773,0.044672178752129504,0.1847,-0.0047,1.0249,0.9992,-0.0001,0.04,0.0095,0.0233,-0.0926,0.0029,-0.0455,0.0576,-0.0017,0.0365,-0.0888,0.0266,-0.029,0.0373,-0.032,-0.0352,0.0681,0.004,-0.0002,0.0661,0.0006,-0.0003,0.0068,0.0515,-0.1256,-0.0534,0.0311,0.0,0.0057,-0.001,0.0146,-0.069,-0.0033,0.1212,-0.0777,0.324,-0.3412,-0.2545,-0.0349,0.6798,-0.3349,-0.5489,-0.3903,0.1079,-0.0786,0.0853,-0.1587,0.6148,0.7543,-0.9239,-0.0724,-0.2215,-0.3403,-0.0178,0.0033,0.1077,0.996,1.1853,0.15,0.3993,-0.0149,0.0838,-0.0187,-1.0,-1.0,-1.0,-1.0,-1.0,-1.0,-1.0,-1.0,-1.0,-1.0,-1.0,-1.0,-1.0,-1.0,-1.0,-1.0,-1.0,-1.0,-1.0,-1.0,-1.0,-1.0,-1.0,-1.0,-1.0,-1.0,-1.0,-1.0,-1.0,-1.0,-1.0,-1.0,-1.0,-1.0,-1.0,-1.0,-1.0,-1.0,-1.0,-1.0,-1.0,-1.0,-1.0,-1.0,-1.0,-1.0,-1.0,-1.0,-1.0,-1.0,-1.0,-1.0,-1.0,-1.0,-1.0,-1.0,-1.0,-1.0,-1.0,-1.0,-1.0,-1.0,-1.0,5.68523043412613,2.6118526105262383,-1.0270672375627727
81,0.162,0.6087951637320665,0.3574322385442896,1.0220118463477479,5.68523043412613,2.6118526105262383,-2.2827472375627726,0.044672178752129504,0.1847,-0.0049,1.0248,0.9992,0.0001,0.0399,0.0098,0.0225,-0.0931,0.0028,-0.0441,0.0573,-0.0027,0.0357,-0.0886,0.0264,-0.0286,0.0375,-0.0306,-0.0337,0.0662,0.0039,-0.0007,0.0654,0.0005,-0.0002,0.0069,0.0534,-0.1231,-0.053,0.0318,-0.0001,0.0058,-0.001,0.0158,-0.0679,-0.0139,0.1378,-0.1079,0.316,-0.4042,-0.2399,-0.0561,0.7178,-0.16,-0.4934,-0.3941,0.0834,-0.1044,0.1755,0.0676,0.7077,0.7422,-0.9254,-0.0669,-0.2083,-0.3694,-0.0175,0.0061,0.0889,0.9449,1.2334,0.1851,0.388,-0.0141,0.0696,-0.0164,-1.0,-1.0,-1.0,-1.0,-1.0,-1.0,-1.0,-1.0,-1.0,-1.0,-1.0,-1.0,-1.0,-1.0,-1.0,-1.0,-1.0,-1.0,-1.0,-1.0,-1.0,-1.0,-1.0,-1.0,-1.0,-1.0,-1.0,-1.0,-1.0,-1.0,-1.0,-1.0,-1.0,-1.0,-1.0,-1.0,-1.0,-1.0,-1.0,-1.0,-1.0,-1.0,-1.0,-1.0,-1.0,-1.0,-1.0,-1.0,-1.0,-1.0,-1.0,-1.0,-1.0,-1.0,-1.0,-1.0,-1.0,-1.0,-1.0,-1.0,-1.0,-1.0,-1.0,5.68523043412613,2.6118526105262383,-1.0270672375627727
82,0.164,0.6201656246003189,0.3626559437653421,1.0174267318726222,5.68523043412613,2.6118526105262383,-2.302367237562773,0.044672178752129504,0.1848,-0.005,1.0248,0.9992,0.0002,0.0398,0.0101,0.0217,-0.0935,0.0027,-0.0426,0.0568,-0.0039,0.035,-0.0884,0.0262,-0.0282,0.0375,-0.0286,-0.0323,0.0644,0.0038,-0.001,0.0646,0.0005,-0.0002,0.0071,0.0552,-0.1206,-0.0526,0.0327,-0.0001,0.0059,-0.001,0.0169,-0.0688,-0.0127,0.1335,-0.1308,0.3159,-0.3955,-0.2184,-0.0437,0.7345,-0.2207,-0.5911,-0.3791,0.0951,-0.1131,0.214,0.0055,0.9937,0.7273,-0.9274,-0.0665,-0.1923,-0.3856,-0.0169,0.009,0.0711,0.9023,1.2802,0.2224,0.4047,-0.013,0.0571,-0.0142,-1.0,-1.0,-1.0,-1.0,-1.0,-1.0,-1.0,-1.0,-1.0,-1.0,-1.0,-1.0,-1.0,-1.0,-1.0,-1.0,-1.0,-1.0,-1.0,-1.0,-1.0,-1.0,-1.0,-1.0,-1.0,-1.0,-1.0,-1.0,-1.0,-1.0,-1.0,-1.0,-1.0,-1.0,-1.0,-1.0,-1.0,-1.0,-1.0,-1.0,-1.0,-1.0,-1.0,-1.0,-1.0,-1.0,-1.0,-1.0,-1.0,-1.0,-1.0,-1.0,-1.0,-1.0,-1.0,-1.0,-1.0,-1.0,-1.0,-1.0,-1.0,-1.0,-1.0,5.68523043412613,2.6118526105262383,-1.0270672375627727
83,0.166,0.6315360854685711,0.3678796489863946,1.0128023773974966,5.68523043412613,2.6118526105262383,-2.321987237562773,0.044672178752129504,0.1848,-0.0051,1.0248,0.9992,0.0004,0.0396,0.0104,0.021,-0.0939,0.0027,-0.0411,0.0563,-0.0049,0.0342,-0.0882,0.026,-0.0277,0.0372,-0.0267,-0.0308,0.0625,0.0036,-0.0014,0.0638,0.0005,-0.0002,0.0072,0.0569,-0.1179,-0.0521,0.0335,-0.0001,0.006,-0.001,0.0178,-0.0701,-0.0045,0.1193,-0.1492,0.312,-0.3873,-0.1998,-0.0275,0.746,-0.2653,-0.5148,-0.3651,0.1138,-0.0941,0.2377,-0.1381,0.9726,0.7186,-0.9288,-0.0697,-0.1757,-0.3932,-0.0163,0.0119,0.0546,0.8638,1.3242,0.2599,0.434,-0.0117,0.046,-0.0121,-1.0,-1.0,-1.0,-1.0,-1.0,-1.0,-1.0,-1.0,-1.0,-1.0,-1.0,-1.0,-1.0,-1.0,-1.0,-1.0,-1.0,-1.0,-1.0,-1.0,-1.0,-1.0,-1.0,-1.0,-1.0,-1.0,-1.0,-1.0,-1.0,-1.0,-1.0,-1.0,-1.0,-1.0,-1.0,-1.0,-1.0,-1.0,-1.0,-1.0,-1.0,-1.0,-1.0,-1.0,-1.0,-1.0,-1.0,-1.0,-1.0,-1.0,-1.0,-1.0,-1.0,-1.0,-1.0,-1.0,-1.0,-1.0,-1.0,-1.0,-1.0,-1.0,-1.0,5.68523043412613,2.6118526105262383,-1.0270672375627727
84,0.168,0.6429065463368234,0.37310335420744706,1.0081387829223711,5.68523043412613,2.6118526105262383,-2.341607237562773,0.044672178752129504,0.1848,-0.0053,1.0248,0.9992,0.0005,0.0395,0.0108,0.0202,-0.0942,0.0027,-0.0396,0.0556,-0.0057,0.0335,-0.0879,0.0259,-0.0272,0.0367,-0.0248,-0.0294,0.0607,0.0035,-0.0017,0.063,0.0005,-0.0002,0.0073,0.0586,-0.1152,-0.0515,0.0344,-0.0001,0.0061,-0.0011,0.0188,-0.0713,0.0021,0.1055,-0.1682,0.3088,-0.3772,-0.1784,-0.0143,0.7548,-0.3179,-0.4032,-0.3567,0.1315,-0.0756,0.2626,-0.2631,0.9615,0.7101,-0.9297,-0.0738,-0.1604,-0.4026,-0.0157,0.0143,0.0392,0.8259,1.3638,0.2956,0.4561,-0.0105,0.0354,-0.0101,-1.0,-1.0,-1.0,-1.0,-1.0,-1.0,-1.0,-1.0,-1.0,-1.0,-1.0,-1.0,-1.0,-1.0,-1.0,-1.0,-1.0,-1.0,-1.0,-1.0,-1.0,-1.0,-1.0,-1.0,-1.0,-1.0,-1.0,-1.0,-1.0,-1.0,-1.0,-1.0,-1.0,-1.0,-1.0,-1.0,-1.0,-1.0,-1.0,-1.0,-1.0,-1.0,-1.0,-1.0,-1.0,-1.0,-1.0,-1.0,-1.0,-1.0,-1.0,-1.0,-1.0,-1.0,-1.0,-1.0,-1.0,-1.0,-1.0,-1.0,-1.0,-1.0,-1.0,5.68523043412613,2.6118526105262383,-1.0270672375627727
85,0.17,0.6542770072050756,0.37832705942849953,1.0034359484472457,5.68523043412613,2.6118526105262383,-2.361227237562773,0.044672178752129504,0.1849,-0.0054,1.0248,0.9992,0.0006,0.0393,0.011,0.0195,-0.0946,0.0027,-0.0381,0.0549,-0.0063,0.0328,-0.0877,0.0258,-0.0266,0.0361,-0.0233,-0.028,0.0588,0.0033,-0.002,0.0622,0.0004,-0.0001,0.0073,0.0601,-0.1124,-0.0508,0.0354,-0.0002,0.0061,-0.0011,0.0198,-0.0724,0.0098,0.0832,-0.1869,0.3024,-0.365,-0.1574,0.0096,0.7631,-0.361,-0.3128,-0.3509,0.1361,-0.0355,0.2933,-0.2648,0.7133,0.706,-0.9303,-0.0821,-0.1449,-0.4121,-0.015,0.0164,0.0248,0.79,1.3977,0.3309,0.4807,-0.0093,0.0257,-0.0082,-1.0,-1.0,-1.0,-1.0,-1.0,-1.0,-1.0,-1.0,-1.0,-1.0,-1.0,-1.0,-1.0,-1.0,-1.0,-1.0,-1.0,-1.0,-1.0,-1.0,-1.0,-1.0,-1.0,-1.0,-1.0,-1.0,-1.0,-1.0,-1.0,-1.0,-1.0,-1.0,-1.0,-1.0,-1.0,-1.0,-1.0,-1.0,-1.0,-1.0,-1.0,-1.0,-1.0,-1.0,-1.0,-1.0,-1.0,-1.0,-1.0,-1.0,-1.0,-1.0,-1.0,-1.0,-1.0,-1.0,-1.0,-1.0,-1.0,-1.0,-1.0,-1.0,-1.0,5.68523043412613,2.6118526105262383,-1.0270672375627727
86,0.172,0.665647468073328,0.383550764649552,0.9986938739721202,5.68523043412613,2.6118526105262383,-2.380847237562773,0.044672178752129504,0.1849,-0.0056,1.0249,0.9992,0.0007,0.0391,0.0113,0.0188,-0.0948,0.0027,-0.0366,0.0541,-0.0067,0.0321,-0.0874,0.0258,-0.0259,0.0356,-0.0223,-0.0266,0.0569,0.0031,-0.0023,0.0614,0.0004,-0.0001,0.0073,0.0617,-0.1095,-0.0501,0.0364,-0.0002,0.0062,-0.0011,0.021,-0.0733,0.0155,0.0611,-0.2064,0.2963,-0.3548,-0.1353,0.0317,0.7708,-0.3945,-0.1958,-0.3476,0.1424,0.0025,0.3237,-0.2695,0.5048,0.7018,-0.9304,-0.0913,-0.1307,-0.4242,-0.0143,0.0182,0.0113,0.7541,1.4273,0.3644,0.4978,-0.0081,0.0164,-0.0063,-1.0,-1.0,-1.0,-1.0,-1.0,-1.0,-1.0,-1.0,-1.0,-1.0,-1.0,-1.0,-1.0,-1.0,-1.0,-1.0,-1.0,-1.0,-1.0,-1.0,-1.0,-1.0,-1.0,-1.0,-1.0,-1.0,-1.0,-1.0,-1.0,-1.0,-1.0,-1.0,-1.0,-1.0,-1.0,-1.0,-1.0,-1.0,-1.0,-1.0,-1.0,-1.0,-1.0,-1.0,-1.0,-1.0,-1.0,-1.0,-1.0,-1.0,-1.0,-1.0,-1.0,-1.0,-1.0,-1.0,-1.0,-1.0,-1.0,-1.0,-1.0,-1.0,-1.0,5.68523043412613,2.6118526105262383,-1.0270672375627727
87,0.174,0.6770179289415802,0.3887744698706045,0.9939125594969944,5.68523043412613,2.6118526105262383,-2.400467237562773,0.044672178752129504,0.185,-0.0057,1.0249,0.9992,0.0007,0.0389,0.0116,0.0181,-0.0951,0.0028,-0.035,0.0533,-0.0069,0.0315,-0.0871,0.0259,-0.0252,0.035,-0.0216,-0.0252,0.0551,0.0029,-0.0025,0.0605,0.0004,-0.0001,0.0073,0.0631,-0.1067,-0.0493,0.0374,-0.0002,0.0062,-0.0011,0.0226,-0.0729,0.0203,0.0445,-0.2299,0.2853,-0.3356,-0.1095,0.0457,0.7821,-0.4255,-0.0972,-0.3383,0.1547,0.0304,0.3538,-0.2807,0.3336,0.6979,-0.9293,-0.1052,-0.1174,-0.4354,-0.0136,0.0197,-0.0021,0.7102,1.4464,0.3953,0.511,-0.0069,0.007,-0.0044,-1.0,-1.0,-1.0,-1.0,-1.0,-1.0,-1.0,-1.0,-1.0,-1.0,-1.0,-1.0,-1.0,-1.0,-1.0,-1.0,-1.0,-1.0,-1.0,-1.0,-1.0,-1.0,-1.0,-1.0,-1.0,-1.0,-1.0,-1.0,-1.0,-1.0,-1.0,-1.0,-1.0,-1.0,-1.0,-1.0,-1.0,-1.0,-1.0,-1.0,-1.0,-1.0,-1.0,-1.0,-1.0,-1.0,-1.0,-1.0,-1.0,-1.0,-1.0,-1.0,-1.0,-1.0,-1.0,-1.0,-1.0,-1.0,-1.0,-1.0,-1.0,-1.0,-1.0,5.68523043412613,2.6118526105262383,-1.0270672375627727
88,0.176,0.6883883898098324,0.39399817509165697,0.989092005021869,5.68523043412613,2.6118526105262383,-2.4200872375627727,0.044672178752129504,0.185,-0.0059,1.0249,0.9992,0.0008,0.0386,0.0119,0.0175,-0.0952,0.003,-0.0334,0.0524,-0.0069,0.0308,-0.0867,0.026,-0.0245,0.0345,-0.0213,-0.0238,0.0532,0.0027,-0.0027,0.0596,0.0003,0.0,0.0073,0.0644,-0.1037,-0.0484,0.0385,-0.0002,0.0062,-0.0011,0.0243,-0.0722,0.0241,0.0302,-0.2544,0.2747,-0.3154,-0.0836,0.057,0.7952,-0.4548,-0.0129,-0.3299,0.1679,0.054,0.3859,-0.2974,0.1915,0.6931,-0.9288,-0.1193,-0.1048,-0.4452,-0.0129,0.0237,-0.0148,0.6663,1.4635,0.4248,0.5231,-0.0057,-0.0019,-0.0027,-1.0,-1.0,-1.0,-1.0,-1.0,-1.0,-1.0,-1.0,-1.0,-1.0,-1.0,-1.0,-1.0,-1.0,-1.0,-1.0,-1.0,-1.0,-1.0,-1.0,-1.0,-1.0,-1.0,-1.0,-1.0,-1.0,-1.0,-1.0,-1.0,-1.0,-1.0,-1.0,-1.0,-1.0,-1.0,-1.0,-1.0,-1.0,-1.0,-1.0,-1.0,-1.0,-1.0,-1.0,-1.0,-1.0,-1.0,-1.0,-1.0,-1.0,-1.0,-1.0,-1.0,-1.0,-1.0,-1.0,-1.0,-1.0,-1.0,-1.0,-1.0,-1.0,-1.0,5.68523043412613,2.6118526105262383,-1.0270672375627727
